<?xml version = '1.0' encoding = 'UTF-8'?>
<Relation class="oracle.dbtools.crest.model.design.logical.Relation" name="REL_T_USU_T_MAR_ATU" directorySegmentName="seg_0" id="E3745CF1-BBB0-8082-3097-FF3FF69AA1EF">
<createdBy>Alex</createdBy>
<createdTime>2023-09-24 14:29:35 UTC</createdTime>
<ownerDesignName>EasyCarros</ownerDesignName>
<engineerTo>
<item key="E1CCB2C7-1DE8-9080-A7CF-B8BB9806093C" value="true"/>
</engineerTo>
<sourcePk>C5822C0F-0795-EA2C-F53A-28401E86B720</sourcePk>
<identifying>false</identifying>
<optionalSource>true</optionalSource>
<optionalTarget>false</optionalTarget>
<sourceCardinality>1</sourceCardinality>
<sourceEntity>4B4E3CD5-C95D-185D-3858-8B2A302A8841</sourceEntity>
<targetCardinalityString>*</targetCardinalityString>
<targetEntity>09A4DB53-B20B-5BA0-0497-791F07C57B22</targetEntity>
<transferable>true</transferable>
<deleteRule>NO ACTION</deleteRule>
</Relation>