<?xml version = '1.0' encoding = 'UTF-8'?>
<Relation class="oracle.dbtools.crest.model.design.logical.Relation" name="REL_T_PES_T_TEL" directorySegmentName="seg_0" id="F085ACA9-F70F-9BF0-1724-1C40A80C95F4">
<createdBy>Alex</createdBy>
<createdTime>2023-09-24 14:37:51 UTC</createdTime>
<ownerDesignName>EasyCarros</ownerDesignName>
<engineerTo>
<item key="E1CCB2C7-1DE8-9080-A7CF-B8BB9806093C" value="true"/>
</engineerTo>
<sourcePk>40B49056-9E78-B951-790A-0EF1F02C4926</sourcePk>
<identifying>false</identifying>
<optionalSource>true</optionalSource>
<optionalTarget>false</optionalTarget>
<sourceCardinality>1</sourceCardinality>
<sourceEntity>AC706527-2BBD-DE85-3C50-63359B67D0C5</sourceEntity>
<targetCardinalityString>*</targetCardinalityString>
<targetEntity>7AFE8F64-DF6A-977F-3577-A989F1015545</targetEntity>
<transferable>true</transferable>
<deleteRule>NO ACTION</deleteRule>
</Relation>