<?xml version = '1.0' encoding = 'UTF-8'?>
<FKIndexAssociation class="oracle.dbtools.crest.model.design.relational.FKIndexAssociation" directorySegmentName="seg_0" id="25EF2059-27AF-EA89-8330-03800F631DA3" containerWithKeyObject="464FD958-B6C8-F80C-3748-55E410F7047E" localFKIndex="4D6FF20E-488C-27E7-4020-416E0C0B59D0" name="T_ARQUIVO_T_USUARIO_FK">
<createdBy>Alex</createdBy>
<createdTime>2023-09-27 06:27:04 UTC</createdTime>
<generatorID>6ABDA552-E62B-2E45-BDAA-1DBEFCF82499</generatorID>
<ownerDesignName>EasyCarros</ownerDesignName>
<referredTableLongName>T_USUARIO</referredTableLongName>
<deleteRule>NO ACTION</deleteRule>
<referredTableID>A01EB6C3-79F7-EDBF-7473-4E4D7F56663D</referredTableID>
<keyObject>541C97ED-765E-851C-81C4-67ACEBA59635</keyObject>
<referredKeyID>541C97ED-765E-851C-81C4-67ACEBA59635</referredKeyID>
<mandatory>true</mandatory>
<refColNames>cd_usuario</refColNames>
<transferable>true</transferable>
<rely>false</rely>
<columnDependencyConstraintGenerateInDDL>true</columnDependencyConstraintGenerateInDDL>
</FKIndexAssociation>