<?xml version = '1.0' encoding = 'UTF-8'?>
<FKIndexAssociation class="oracle.dbtools.crest.model.design.relational.FKIndexAssociation" directorySegmentName="seg_0" id="49772162-BF6C-0830-FE79-BBD67DED9A76" containerWithKeyObject="FE80CF48-5FEF-F0E3-FB40-19FE650FD3ED" localFKIndex="97902B86-C22A-5597-34B9-F62B6133EE62" name="T_MARCA_T_USUARIO_FKv2">
<createdBy>Alex</createdBy>
<createdTime>2023-09-27 06:27:04 UTC</createdTime>
<generatorID>FC3AA585-6B11-F9CF-1537-52EDEA7B5B8C</generatorID>
<ownerDesignName>EasyCarros</ownerDesignName>
<referredTableLongName>T_USUARIO</referredTableLongName>
<deleteRule>NO ACTION</deleteRule>
<referredTableID>A01EB6C3-79F7-EDBF-7473-4E4D7F56663D</referredTableID>
<keyObject>541C97ED-765E-851C-81C4-67ACEBA59635</keyObject>
<referredKeyID>541C97ED-765E-851C-81C4-67ACEBA59635</referredKeyID>
<mandatory>true</mandatory>
<refColNames>cd_usuario</refColNames>
<transferable>true</transferable>
<rely>false</rely>
<columnDependencyConstraintGenerateInDDL>true</columnDependencyConstraintGenerateInDDL>
</FKIndexAssociation>