<?xml version = '1.0' encoding = 'UTF-8'?>
<FKIndexAssociation class="oracle.dbtools.crest.model.design.relational.FKIndexAssociation" directorySegmentName="seg_0" id="75F49022-1414-EAA2-5BD3-8FFAA28DADAB" containerWithKeyObject="36DE75FA-2AB1-5613-727F-083F7CD0167B" localFKIndex="535738D0-4E9D-AF8D-DE5D-77261CBF1D9C" name="T_DOCUMENTO_T_USUARIO_FK">
<createdBy>Alex</createdBy>
<createdTime>2023-09-27 06:27:04 UTC</createdTime>
<generatorID>A335D331-561C-0AB6-D44C-3383935A400F</generatorID>
<ownerDesignName>EasyCarros</ownerDesignName>
<referredTableLongName>T_USUARIO</referredTableLongName>
<deleteRule>NO ACTION</deleteRule>
<referredTableID>A01EB6C3-79F7-EDBF-7473-4E4D7F56663D</referredTableID>
<keyObject>541C97ED-765E-851C-81C4-67ACEBA59635</keyObject>
<referredKeyID>541C97ED-765E-851C-81C4-67ACEBA59635</referredKeyID>
<mandatory>true</mandatory>
<refColNames>cd_usuario</refColNames>
<transferable>true</transferable>
<rely>false</rely>
<columnDependencyConstraintGenerateInDDL>true</columnDependencyConstraintGenerateInDDL>
</FKIndexAssociation>