<?xml version = '1.0' encoding = 'UTF-8'?>
<FKIndexAssociation class="oracle.dbtools.crest.model.design.relational.FKIndexAssociation" directorySegmentName="seg_0" id="919E5AD8-E20C-630B-0B39-86B56BA25E4D" containerWithKeyObject="A2ACF109-1FCD-B711-3607-E9198846DCF9" localFKIndex="04E0B265-0F67-EF37-E82F-1C29F9FF1E93" name="T_LOC_ACESS_T_ACESS_FK">
<createdBy>Alex</createdBy>
<createdTime>2023-09-27 06:27:04 UTC</createdTime>
<generatorID>6FE58056-0D56-CA6E-9BCD-BC0D1825DCFF</generatorID>
<ownerDesignName>EasyCarros</ownerDesignName>
<referredTableLongName>T_ACESSORIO</referredTableLongName>
<deleteRule>NO ACTION</deleteRule>
<referredTableID>254FB888-8A6A-0228-52C9-8FA135CA4FE9</referredTableID>
<keyObject>7D206532-CF69-9CBD-CFFC-B7F91C86A546</keyObject>
<referredKeyID>7D206532-CF69-9CBD-CFFC-B7F91C86A546</referredKeyID>
<mandatory>true</mandatory>
<refColNames>cd_acessorio</refColNames>
<transferable>true</transferable>
<rely>false</rely>
<columnDependencyConstraintGenerateInDDL>true</columnDependencyConstraintGenerateInDDL>
</FKIndexAssociation>