<?xml version = '1.0' encoding = 'UTF-8'?>
<FKIndexAssociation class="oracle.dbtools.crest.model.design.relational.FKIndexAssociation" directorySegmentName="seg_0" id="B895A4E2-2F89-FE9E-180C-606590852CFC" containerWithKeyObject="464FD958-B6C8-F80C-3748-55E410F7047E" localFKIndex="D3C16A10-3801-F005-5550-903074A7434A" name="T_ARQUIVO_T_USUARIO_FKv2">
<createdBy>Alex</createdBy>
<createdTime>2023-09-27 06:27:04 UTC</createdTime>
<generatorID>22A19FA7-2111-1FD5-B29D-B3C74656B05A</generatorID>
<ownerDesignName>EasyCarros</ownerDesignName>
<referredTableLongName>T_USUARIO</referredTableLongName>
<deleteRule>NO ACTION</deleteRule>
<referredTableID>A01EB6C3-79F7-EDBF-7473-4E4D7F56663D</referredTableID>
<keyObject>541C97ED-765E-851C-81C4-67ACEBA59635</keyObject>
<referredKeyID>541C97ED-765E-851C-81C4-67ACEBA59635</referredKeyID>
<mandatory>true</mandatory>
<refColNames>cd_usuario</refColNames>
<transferable>true</transferable>
<rely>false</rely>
<columnDependencyConstraintGenerateInDDL>true</columnDependencyConstraintGenerateInDDL>
</FKIndexAssociation>