<?xml version = '1.0' encoding = 'UTF-8'?>
<Entity class="oracle.dbtools.crest.model.design.logical.Entity" directorySegmentName="seg_0" id="67228A61-8B40-9C22-5CB8-9E919768E078" name="T_LOCACAO">
<createdBy>alex</createdBy>
<createdTime>2023-05-18 00:06:44 UTC</createdTime>
<ownerDesignName>EasyCarros</ownerDesignName>
<engineerTo>
<item key="934CCA67-BB35-4676-C029-78A5E45AAA47" value="true"/>
</engineerTo>
<adequatelyNormalized>NO</adequatelyNormalized>
<expectedVolumes>0</expectedVolumes>
<fwdEngineeringStrategyName>Single Table</fwdEngineeringStrategyName>
<growthPercent>0</growthPercent>
<growthType>Year</growthType>
<maxVolumes>9999999</maxVolumes>
<minVolumes>0</minVolumes>
<normalForm>Third</normalForm>
<attributes itemClass="oracle.dbtools.crest.model.design.logical.Attribute">
<Attribute name="cd_locacao" id="B38124B9-E57C-B61B-6F99-C5DCDB603C49">
<createdBy>alex</createdBy>
<createdTime>2023-05-18 00:06:55 UTC</createdTime>
<ownerDesignName>EasyCarros</ownerDesignName>
<engineerTo>
<item key="934CCA67-BB35-4676-C029-78A5E45AAA47" value="true"/>
</engineerTo>
<useDomainConstraints>false</useDomainConstraints>
<use>1</use>
<logicalDatatype>LOGDT027</logicalDatatype>
<ownDataTypeParameters>,,</ownDataTypeParameters>
</Attribute>
<Attribute name="dt_hr_locacao" id="119F1AB9-8AB6-7E99-7436-6728953BABB0">
<createdBy>alex</createdBy>
<createdTime>2023-05-18 00:07:05 UTC</createdTime>
<ownerDesignName>EasyCarros</ownerDesignName>
<engineerTo>
<item key="934CCA67-BB35-4676-C029-78A5E45AAA47" value="true"/>
</engineerTo>
<useDomainConstraints>false</useDomainConstraints>
<use>1</use>
<logicalDatatype>LOGDT008</logicalDatatype>
<ownDataTypeParameters>,,</ownDataTypeParameters>
</Attribute>
<Attribute name="dt_hr_retirada" id="C7BBBB4F-5F04-5F5E-3229-EF95CBA3C880">
<createdBy>Alex</createdBy>
<createdTime>2023-09-24 14:51:50 UTC</createdTime>
<ownerDesignName>EasyCarros</ownerDesignName>
<engineerTo>
<item key="934CCA67-BB35-4676-C029-78A5E45AAA47" value="true"/>
</engineerTo>
<useDomainConstraints>false</useDomainConstraints>
<use>1</use>
<logicalDatatype>LOGDT008</logicalDatatype>
<ownDataTypeParameters>,,</ownDataTypeParameters>
</Attribute>
<Attribute name="dt_hr_devolucao" id="62D3BFFA-A939-B6B2-415F-0BE6B6E7CDD5">
<createdBy>alex</createdBy>
<createdTime>2023-05-18 00:11:32 UTC</createdTime>
<ownerDesignName>EasyCarros</ownerDesignName>
<engineerTo>
<item key="934CCA67-BB35-4676-C029-78A5E45AAA47" value="true"/>
</engineerTo>
<useDomainConstraints>false</useDomainConstraints>
<use>1</use>
<logicalDatatype>LOGDT008</logicalDatatype>
<ownDataTypeParameters>,,</ownDataTypeParameters>
</Attribute>
<Attribute name="vl_locacao" id="66997F9F-AE0C-F03C-7F28-3F1F0ABB16F4">
<createdBy>alex</createdBy>
<createdTime>2023-05-18 00:11:48 UTC</createdTime>
<ownerDesignName>EasyCarros</ownerDesignName>
<engineerTo>
<item key="934CCA67-BB35-4676-C029-78A5E45AAA47" value="true"/>
</engineerTo>
<useDomainConstraints>false</useDomainConstraints>
<use>1</use>
<logicalDatatype>LOGDT019</logicalDatatype>
<dataTypePrecision>10</dataTypePrecision>
<dataTypeScale>2</dataTypeScale>
<ownDataTypeParameters>,10,2</ownDataTypeParameters>
</Attribute>
<Attribute name="vl_desconto" id="0C9212DE-C4C6-4AED-E0AF-EB656F6BC2E2">
<createdBy>Alex</createdBy>
<createdTime>2023-09-24 14:52:56 UTC</createdTime>
<ownerDesignName>EasyCarros</ownerDesignName>
<engineerTo>
<item key="934CCA67-BB35-4676-C029-78A5E45AAA47" value="true"/>
</engineerTo>
<nullsAllowed>true</nullsAllowed>
<useDomainConstraints>false</useDomainConstraints>
<use>1</use>
<logicalDatatype>LOGDT019</logicalDatatype>
<dataTypePrecision>10</dataTypePrecision>
<dataTypeScale>2</dataTypeScale>
<ownDataTypeParameters>,10,2</ownDataTypeParameters>
</Attribute>
<Attribute name="ds_tipo_pagamento" id="376CBB19-C857-85A3-62B1-A72F543BD3FD">
<createdBy>Alex</createdBy>
<createdTime>2023-09-24 14:55:34 UTC</createdTime>
<ownerDesignName>EasyCarros</ownerDesignName>
<engineerTo>
<item key="934CCA67-BB35-4676-C029-78A5E45AAA47" value="true"/>
</engineerTo>
<useDomainConstraints>false</useDomainConstraints>
<use>1</use>
<logicalDatatype>LOGDT024</logicalDatatype>
<dataTypeSize>15 CHAR</dataTypeSize>
<ownDataTypeParameters>15 CHAR,,</ownDataTypeParameters>
</Attribute>
<Attribute name="nr_cartao" id="4A7666C6-D752-66AC-F120-6D61C03241E1">
<createdBy>alex</createdBy>
<createdTime>2023-05-18 00:34:27 UTC</createdTime>
<ownerDesignName>EasyCarros</ownerDesignName>
<engineerTo>
<item key="934CCA67-BB35-4676-C029-78A5E45AAA47" value="true"/>
</engineerTo>
<nullsAllowed>true</nullsAllowed>
<useDomainConstraints>false</useDomainConstraints>
<use>1</use>
<logicalDatatype>LOGDT025</logicalDatatype>
<dataTypeSize>16</dataTypeSize>
<ownDataTypeParameters>16,,</ownDataTypeParameters>
</Attribute>
<Attribute name="nm_bandeira_cartao" id="091CE045-E5EC-17E3-9625-9A779E2A1871">
<createdBy>Alex</createdBy>
<createdTime>2023-09-24 14:56:55 UTC</createdTime>
<ownerDesignName>EasyCarros</ownerDesignName>
<engineerTo>
<item key="934CCA67-BB35-4676-C029-78A5E45AAA47" value="true"/>
</engineerTo>
<nullsAllowed>true</nullsAllowed>
<useDomainConstraints>false</useDomainConstraints>
<use>1</use>
<logicalDatatype>LOGDT024</logicalDatatype>
<dataTypeSize>50 CHAR</dataTypeSize>
<ownDataTypeParameters>50 CHAR,,</ownDataTypeParameters>
</Attribute>
<Attribute name="ds_tipo_cartao" id="577144D3-5FC3-DFF6-A3A2-68358D690AC8">
<createdBy>Alex</createdBy>
<createdTime>2023-09-24 14:58:09 UTC</createdTime>
<ownerDesignName>EasyCarros</ownerDesignName>
<engineerTo>
<item key="934CCA67-BB35-4676-C029-78A5E45AAA47" value="true"/>
</engineerTo>
<nullsAllowed>true</nullsAllowed>
<useDomainConstraints>false</useDomainConstraints>
<use>1</use>
<logicalDatatype>LOGDT024</logicalDatatype>
<dataTypeSize>10 CHAR</dataTypeSize>
<ownDataTypeParameters>10 CHAR,,</ownDataTypeParameters>
</Attribute>
<Attribute name="cd_modelo" id="AA3C97DD-B44B-0FBF-23E5-92C3630C5D23">
<createdBy>alex</createdBy>
<createdTime>2023-05-18 00:37:08 UTC</createdTime>
<generatorID>25A9CF6E-5BC0-F166-B4F5-DE3DEF408710</generatorID>
<ownerDesignName>EasyCarros</ownerDesignName>
<engineerTo>
<item key="934CCA67-BB35-4676-C029-78A5E45AAA47" value="true"/>
</engineerTo>
<referedAttribute>35E83921-13B6-9A01-EA56-B922DD12CEEF</referedAttribute>
<useDomainConstraints>false</useDomainConstraints>
<use>1</use>
<logicalDatatype>LOGDT027</logicalDatatype>
<ownDataTypeParameters>,,</ownDataTypeParameters>
</Attribute>
<Attribute name="cd_pessoa" id="5D822523-8125-C9D6-249B-8F7B628DB05E">
<createdBy>alex</createdBy>
<createdTime>2023-05-18 00:37:42 UTC</createdTime>
<generatorID>19394D0C-8BB9-4629-621D-BB7D8B227F6F</generatorID>
<ownerDesignName>EasyCarros</ownerDesignName>
<engineerTo>
<item key="934CCA67-BB35-4676-C029-78A5E45AAA47" value="true"/>
</engineerTo>
<referedAttribute>FB996CCB-811B-EE1B-521C-B41D0C54373D</referedAttribute>
<useDomainConstraints>false</useDomainConstraints>
<use>1</use>
<logicalDatatype>LOGDT027</logicalDatatype>
<ownDataTypeParameters>,,</ownDataTypeParameters>
</Attribute>
</attributes>
<identifiers itemClass="oracle.dbtools.crest.model.design.logical.CandidateKey">
<identifier id="7320A2F0-1683-5F03-14BE-71FF1D56A4F6" name="T_LOCACAO PK">
<createdBy>alex</createdBy>
<createdTime>2023-05-18 00:07:03 UTC</createdTime>
<ownerDesignName>EasyCarros</ownerDesignName>
<engineerTo>
<item key="934CCA67-BB35-4676-C029-78A5E45AAA47" value="true"/>
</engineerTo>
<pk>true</pk>
<usedAttributes>
<attributeRef>B38124B9-E57C-B61B-6F99-C5DCDB603C49</attributeRef>
</usedAttributes>
</identifier>
</identifiers>
</Entity>