<?xml version = '1.0' encoding = 'UTF-8'?>
<Entity class="oracle.dbtools.crest.model.design.logical.Entity" directorySegmentName="seg_0" id="7AFE8F64-DF6A-977F-3577-A989F1015545" name="T_TELEFONE">
<createdBy>alex</createdBy>
<createdTime>2023-05-17 23:37:47 UTC</createdTime>
<ownerDesignName>EasyCarros</ownerDesignName>
<engineerTo>
<item key="E1CCB2C7-1DE8-9080-A7CF-B8BB9806093C" value="true"/>
</engineerTo>
<adequatelyNormalized>NO</adequatelyNormalized>
<expectedVolumes>0</expectedVolumes>
<fwdEngineeringStrategyName>Single Table</fwdEngineeringStrategyName>
<growthPercent>0</growthPercent>
<growthType>Year</growthType>
<maxVolumes>9999999</maxVolumes>
<minVolumes>0</minVolumes>
<normalForm>Third</normalForm>
<attributes itemClass="oracle.dbtools.crest.model.design.logical.Attribute">
<Attribute name="cd_telefone" id="64583BCF-942F-47D2-5990-41BE97CFFC6C">
<createdBy>alex</createdBy>
<createdTime>2023-05-17 23:37:55 UTC</createdTime>
<ownerDesignName>EasyCarros</ownerDesignName>
<engineerTo>
<item key="E1CCB2C7-1DE8-9080-A7CF-B8BB9806093C" value="true"/>
</engineerTo>
<useDomainConstraints>false</useDomainConstraints>
<use>1</use>
<logicalDatatype>LOGDT027</logicalDatatype>
<ownDataTypeParameters>,,</ownDataTypeParameters>
</Attribute>
<Attribute name="nr_ddd" id="FEB87210-9E9A-F39A-F753-66EA50797591">
<createdBy>alex</createdBy>
<createdTime>2023-05-17 23:38:03 UTC</createdTime>
<ownerDesignName>EasyCarros</ownerDesignName>
<engineerTo>
<item key="E1CCB2C7-1DE8-9080-A7CF-B8BB9806093C" value="true"/>
</engineerTo>
<useDomainConstraints>false</useDomainConstraints>
<use>1</use>
<logicalDatatype>LOGDT025</logicalDatatype>
<dataTypeSize>2 CHAR</dataTypeSize>
<ownDataTypeParameters>2 CHAR,,</ownDataTypeParameters>
</Attribute>
<Attribute name="nr_telefone" id="8C1F3A3E-B1FB-C9EF-C7E9-CCD4A3EA1E86">
<createdBy>alex</createdBy>
<createdTime>2023-05-17 23:38:30 UTC</createdTime>
<ownerDesignName>EasyCarros</ownerDesignName>
<engineerTo>
<item key="E1CCB2C7-1DE8-9080-A7CF-B8BB9806093C" value="true"/>
</engineerTo>
<useDomainConstraints>false</useDomainConstraints>
<use>1</use>
<logicalDatatype>LOGDT024</logicalDatatype>
<dataTypeSize>9 CHAR</dataTypeSize>
<ownDataTypeParameters>9 CHAR,,</ownDataTypeParameters>
</Attribute>
<Attribute name="cd_pessoa" id="D3EDD98F-1F0E-2DBC-654A-1B109D24E7A8">
<createdBy>Alex</createdBy>
<createdTime>2023-09-24 14:37:51 UTC</createdTime>
<generatorID>F085ACA9-F70F-9BF0-1724-1C40A80C95F4</generatorID>
<ownerDesignName>EasyCarros</ownerDesignName>
<engineerTo>
<item key="E1CCB2C7-1DE8-9080-A7CF-B8BB9806093C" value="true"/>
</engineerTo>
<referedAttribute>FB996CCB-811B-EE1B-521C-B41D0C54373D</referedAttribute>
<useDomainConstraints>false</useDomainConstraints>
<use>1</use>
<logicalDatatype>LOGDT027</logicalDatatype>
<ownDataTypeParameters>,,</ownDataTypeParameters>
</Attribute>
<Attribute name="ds_tipo_telefone" id="B07E0226-4978-E849-AD51-674B1593BF4F">
<createdBy>Alex</createdBy>
<createdTime>2023-09-24 14:43:46 UTC</createdTime>
<ownerDesignName>EasyCarros</ownerDesignName>
<engineerTo>
<item key="E1CCB2C7-1DE8-9080-A7CF-B8BB9806093C" value="true"/>
</engineerTo>
<useDomainConstraints>false</useDomainConstraints>
<use>1</use>
<logicalDatatype>LOGDT024</logicalDatatype>
<dataTypeSize>20 CHAR</dataTypeSize>
<ownDataTypeParameters>20 CHAR,,</ownDataTypeParameters>
</Attribute>
</attributes>
<identifiers itemClass="oracle.dbtools.crest.model.design.logical.CandidateKey">
<identifier id="65EFE99D-DE2D-8652-1C42-94DF86E2527B" name="T_TELEFONE PK">
<createdBy>alex</createdBy>
<createdTime>2023-05-17 23:38:02 UTC</createdTime>
<ownerDesignName>EasyCarros</ownerDesignName>
<shouldEngineer>false</shouldEngineer>
<engineerTo>
<item key="E1CCB2C7-1DE8-9080-A7CF-B8BB9806093C" value="false"/>
</engineerTo>
<pk>true</pk>
<usedAttributes>
<attributeRef>64583BCF-942F-47D2-5990-41BE97CFFC6C</attributeRef>
</usedAttributes>
</identifier>
</identifiers>
</Entity>