<?xml version = '1.0' encoding = 'UTF-8'?>
<Entity class="oracle.dbtools.crest.model.design.logical.Entity" directorySegmentName="seg_0" id="8FF1BABC-273E-C995-66D4-E63B2AE0B62A" name="T_LOCACAO_ACESSORIO">
<createdBy>Alex</createdBy>
<createdTime>2023-09-27 06:20:00 UTC</createdTime>
<ownerDesignName>EasyCarros</ownerDesignName>
<engineerTo>
<item key="934CCA67-BB35-4676-C029-78A5E45AAA47" value="true"/>
</engineerTo>
<adequatelyNormalized>NO</adequatelyNormalized>
<expectedVolumes>0</expectedVolumes>
<fwdEngineeringStrategyName>Single Table</fwdEngineeringStrategyName>
<growthPercent>0</growthPercent>
<growthType>Year</growthType>
<maxVolumes>9999999</maxVolumes>
<minVolumes>0</minVolumes>
<normalForm>Third</normalForm>
<attributes itemClass="oracle.dbtools.crest.model.design.logical.Attribute">
<Attribute name="cd_locacao" id="BD873BDB-02E5-85EB-B869-A094BC574934">
<createdBy>Alex</createdBy>
<createdTime>2023-09-27 06:22:47 UTC</createdTime>
<generatorID>F94171A4-88DE-17F7-E891-5B0EFD6AC7A2</generatorID>
<ownerDesignName>EasyCarros</ownerDesignName>
<engineerTo>
<item key="934CCA67-BB35-4676-C029-78A5E45AAA47" value="true"/>
</engineerTo>
<referedAttribute>B38124B9-E57C-B61B-6F99-C5DCDB603C49</referedAttribute>
<useDomainConstraints>false</useDomainConstraints>
<use>1</use>
<logicalDatatype>LOGDT027</logicalDatatype>
<ownDataTypeParameters>,,</ownDataTypeParameters>
</Attribute>
<Attribute name="cd_acessorio" id="AD11B8AC-15F5-E39A-2EAD-3E4BBDD2A65F">
<createdBy>Alex</createdBy>
<createdTime>2023-09-27 06:23:01 UTC</createdTime>
<generatorID>6FE58056-0D56-CA6E-9BCD-BC0D1825DCFF</generatorID>
<ownerDesignName>EasyCarros</ownerDesignName>
<engineerTo>
<item key="934CCA67-BB35-4676-C029-78A5E45AAA47" value="true"/>
</engineerTo>
<referedAttribute>60EA7A36-4C40-DA3F-8B7D-9E4735FB7DCE</referedAttribute>
<useDomainConstraints>false</useDomainConstraints>
<use>1</use>
<logicalDatatype>LOGDT027</logicalDatatype>
<ownDataTypeParameters>,,</ownDataTypeParameters>
</Attribute>
</attributes>
<identifiers itemClass="oracle.dbtools.crest.model.design.logical.CandidateKey">
<identifier id="D88959FE-3969-6F85-D5A7-3E4BC47294DB" name="T_LOCACAO_ACESSORIO PK">
<createdBy>Alex</createdBy>
<createdTime>2023-09-27 06:26:41 UTC</createdTime>
<ownerDesignName>EasyCarros</ownerDesignName>
<engineerTo>
<item key="934CCA67-BB35-4676-C029-78A5E45AAA47" value="true"/>
</engineerTo>
<pk>true</pk>
<usedAttributes>
<attributeRef>BD873BDB-02E5-85EB-B869-A094BC574934</attributeRef>
<attributeRef>AD11B8AC-15F5-E39A-2EAD-3E4BBDD2A65F</attributeRef>
</usedAttributes>
</identifier>
</identifiers>
</Entity>