<?xml version = '1.0' encoding = 'UTF-8'?>
<Entity class="oracle.dbtools.crest.model.design.logical.Entity" directorySegmentName="seg_0" id="AC706527-2BBD-DE85-3C50-63359B67D0C5" name="T_PESSOA">
<createdBy>alex</createdBy>
<createdTime>2023-05-17 23:12:55 UTC</createdTime>
<ownerDesignName>EasyCarros</ownerDesignName>
<engineerTo>
<item key="E32B0B1E-C24F-9F84-1262-A4D0F36C014D" value="true"/>
</engineerTo>
<adequatelyNormalized>NO</adequatelyNormalized>
<expectedVolumes>0</expectedVolumes>
<fwdEngineeringStrategyName>Single Table</fwdEngineeringStrategyName>
<growthPercent>0</growthPercent>
<growthType>Year</growthType>
<maxVolumes>9999999</maxVolumes>
<minVolumes>0</minVolumes>
<normalForm>Third</normalForm>
<attributes itemClass="oracle.dbtools.crest.model.design.logical.Attribute">
<Attribute name="cd_pessoa" id="FB996CCB-811B-EE1B-521C-B41D0C54373D">
<createdBy>alex</createdBy>
<createdTime>2023-05-17 23:13:13 UTC</createdTime>
<ownerDesignName>EasyCarros</ownerDesignName>
<engineerTo>
<item key="E32B0B1E-C24F-9F84-1262-A4D0F36C014D" value="true"/>
</engineerTo>
<useDomainConstraints>false</useDomainConstraints>
<use>1</use>
<logicalDatatype>LOGDT027</logicalDatatype>
<ownDataTypeParameters>,,</ownDataTypeParameters>
</Attribute>
<Attribute name="nm_pessoa" id="46CF1B29-AEA9-7B1E-651B-ABD985F179D9">
<createdBy>alex</createdBy>
<createdTime>2023-05-17 23:13:20 UTC</createdTime>
<ownerDesignName>EasyCarros</ownerDesignName>
<engineerTo>
<item key="E32B0B1E-C24F-9F84-1262-A4D0F36C014D" value="true"/>
</engineerTo>
<useDomainConstraints>false</useDomainConstraints>
<use>1</use>
<logicalDatatype>LOGDT024</logicalDatatype>
<dataTypeSize>150 CHAR</dataTypeSize>
<ownDataTypeParameters>150 CHAR,,</ownDataTypeParameters>
</Attribute>
</attributes>
<identifiers itemClass="oracle.dbtools.crest.model.design.logical.CandidateKey">
<identifier id="40B49056-9E78-B951-790A-0EF1F02C4926" name="T_PESSOA PK">
<createdBy>alex</createdBy>
<createdTime>2023-05-17 23:13:18 UTC</createdTime>
<ownerDesignName>EasyCarros</ownerDesignName>
<engineerTo>
<item key="E32B0B1E-C24F-9F84-1262-A4D0F36C014D" value="true"/>
</engineerTo>
<pk>true</pk>
<usedAttributes>
<attributeRef>FB996CCB-811B-EE1B-521C-B41D0C54373D</attributeRef>
</usedAttributes>
</identifier>
</identifiers>
</Entity>