<?xml version = '1.0' encoding = 'UTF-8'?>
<Table class="oracle.dbtools.crest.model.design.relational.Table" directorySegmentName="seg_0" id="0B357CA3-8126-2582-6507-4AA39CFC053F" name="T_TELEFONE">
<createdBy>alex</createdBy>
<createdTime>2023-05-18 00:17:33 UTC</createdTime>
<generatorID>7AFE8F64-DF6A-977F-3577-A989F1015545</generatorID>
<ownerDesignName>EasyCarros</ownerDesignName>
<allowColumnReorder>false</allowColumnReorder>
<existDependencyGenerateInDDl>true</existDependencyGenerateInDDl>
<parsed>true</parsed>
<columns itemClass="oracle.dbtools.crest.model.design.relational.Column">
<Column name="cd_telefone" id="29FCD541-6672-0B09-2B38-35E670E0BD3B">
<createdBy>alex</createdBy>
<createdTime>2023-05-18 00:17:33 UTC</createdTime>
<generatorID>64583BCF-942F-47D2-5990-41BE97CFFC6C</generatorID>
<ownerDesignName>EasyCarros</ownerDesignName>
<useDomainConstraints>false</useDomainConstraints>
<use>1</use>
<logicalDatatype>LOGDT027</logicalDatatype>
<ownDataTypeParameters>,,</ownDataTypeParameters>
<autoIncrementCycle>false</autoIncrementCycle>
</Column>
<Column name="nr_ddd" id="A8FF511F-FB76-42A2-0A51-D580028F2C93">
<createdBy>alex</createdBy>
<createdTime>2023-05-18 00:17:33 UTC</createdTime>
<generatorID>FEB87210-9E9A-F39A-F753-66EA50797591</generatorID>
<ownerDesignName>EasyCarros</ownerDesignName>
<useDomainConstraints>false</useDomainConstraints>
<use>1</use>
<logicalDatatype>LOGDT025</logicalDatatype>
<dataTypeSize>2 CHAR</dataTypeSize>
<ownDataTypeParameters>2 CHAR,,</ownDataTypeParameters>
<autoIncrementCycle>false</autoIncrementCycle>
</Column>
<Column name="nr_telefone" id="2F457B94-A7F7-F3E2-08FC-5EFBCDB9D887">
<createdBy>alex</createdBy>
<createdTime>2023-05-18 00:17:33 UTC</createdTime>
<generatorID>8C1F3A3E-B1FB-C9EF-C7E9-CCD4A3EA1E86</generatorID>
<ownerDesignName>EasyCarros</ownerDesignName>
<useDomainConstraints>false</useDomainConstraints>
<use>1</use>
<logicalDatatype>LOGDT024</logicalDatatype>
<dataTypeSize>9 CHAR</dataTypeSize>
<ownDataTypeParameters>9 CHAR,,</ownDataTypeParameters>
<autoIncrementCycle>false</autoIncrementCycle>
</Column>
<Column name="cd_tipo_telefone" id="7C5E95CD-C248-548F-0A25-784FE1FDD090">
<createdBy>alex</createdBy>
<createdTime>2023-05-18 00:17:33 UTC</createdTime>
<generatorID>BF066C37-29AC-9B5D-D653-257939E02924</generatorID>
<ownerDesignName>EasyCarros</ownerDesignName>
<useDomainConstraints>false</useDomainConstraints>
<use>1</use>
<logicalDatatype>LOGDT027</logicalDatatype>
<ownDataTypeParameters>,,</ownDataTypeParameters>
<previousColumn>false</previousColumn>
<autoIncrementCycle>false</autoIncrementCycle>
<associations>
<colAssociation fkAssociation="929FE3DE-4B1A-F15B-3B25-97F9913E4632" referredColumn="0453CFC3-690B-F566-C122-6C217B96839A"/>
</associations>
</Column>
<Column name="cd_pessoa" id="47399EEC-8F54-F1A2-E4A7-E1A32ED0792A">
<createdBy>alex</createdBy>
<createdTime>2023-05-18 00:17:33 UTC</createdTime>
<generatorID>976E3C6D-4116-E58B-28F2-DD504A7C3FD9</generatorID>
<ownerDesignName>EasyCarros</ownerDesignName>
<useDomainConstraints>false</useDomainConstraints>
<use>1</use>
<logicalDatatype>LOGDT027</logicalDatatype>
<ownDataTypeParameters>,,</ownDataTypeParameters>
<previousColumn>false</previousColumn>
<autoIncrementCycle>false</autoIncrementCycle>
<associations>
<colAssociation fkAssociation="FB3009EE-C1AC-0945-6FB1-5A070ADF3E96" referredColumn="25E98A25-A5CB-3CD4-50FC-99FC280F7C6A"/>
</associations>
</Column>
</columns>
<indexes itemClass="oracle.dbtools.crest.model.design.relational.Index">
<ind_PK_UK id="C9E7D52D-2655-F205-E364-C18CA8EAA9EE" name="T_TELEFONE_PK">
<createdBy>alex</createdBy>
<createdTime>2023-05-18 00:17:33 UTC</createdTime>
<generatorID>65EFE99D-DE2D-8652-1C42-94DF86E2527B</generatorID>
<ownerDesignName>EasyCarros</ownerDesignName>
<pk>true</pk>
<indexState>Primary Constraint</indexState>
<isSurrogateKey>false</isSurrogateKey>
<indexColumnUsage>
<colUsage columnID="29FCD541-6672-0B09-2B38-35E670E0BD3B"/>
</indexColumnUsage>
</ind_PK_UK>
<ind_PK_UK id="686FFCE5-341A-BBA1-0C06-D84C7F472981" name="T_TEL_T_PES_FK">
<createdBy>alex</createdBy>
<createdTime>2023-05-18 00:17:33 UTC</createdTime>
<generatorID>471270A5-E4E3-2F82-DF64-9D874499428D</generatorID>
<ownerDesignName>EasyCarros</ownerDesignName>
<indexState>Foreign Key</indexState>
<isSurrogateKey>false</isSurrogateKey>
<indexColumnUsage>
<colUsage columnID="47399EEC-8F54-F1A2-E4A7-E1A32ED0792A"/>
</indexColumnUsage>
</ind_PK_UK>
<ind_PK_UK id="1318F0BD-FD6D-C592-CB15-35CE9250D154" name="T_TEL_T_TP_TEL_FK">
<createdBy>alex</createdBy>
<createdTime>2023-05-18 00:17:33 UTC</createdTime>
<generatorID>8CF2E677-037A-12D7-BC25-0F955476A1E0</generatorID>
<ownerDesignName>EasyCarros</ownerDesignName>
<indexState>Foreign Key</indexState>
<isSurrogateKey>false</isSurrogateKey>
<indexColumnUsage>
<colUsage columnID="7C5E95CD-C248-548F-0A25-784FE1FDD090"/>
</indexColumnUsage>
</ind_PK_UK>
</indexes>
</Table>