<?xml version = '1.0' encoding = 'UTF-8'?>
<Table class="oracle.dbtools.crest.model.design.relational.Table" directorySegmentName="seg_0" id="0F2E1208-1355-1BC9-D211-1F1032CF3899" name="T_DOCUMENTO">
<createdBy>alex</createdBy>
<createdTime>2023-05-18 00:17:33 UTC</createdTime>
<generatorID>DA4DA8EF-F222-B727-D12E-13D95A05CFDA</generatorID>
<ownerDesignName>EasyCarros</ownerDesignName>
<allowColumnReorder>false</allowColumnReorder>
<existDependencyGenerateInDDl>true</existDependencyGenerateInDDl>
<parsed>true</parsed>
<columns itemClass="oracle.dbtools.crest.model.design.relational.Column">
<Column name="cd_documento" id="9A75A3B6-1981-63E7-BDCE-DAB157243D7E">
<createdBy>alex</createdBy>
<createdTime>2023-05-18 00:17:33 UTC</createdTime>
<generatorID>DF348C5F-BBA8-7763-D94D-DAA224FEAF88</generatorID>
<ownerDesignName>EasyCarros</ownerDesignName>
<useDomainConstraints>false</useDomainConstraints>
<use>1</use>
<logicalDatatype>LOGDT027</logicalDatatype>
<ownDataTypeParameters>,,</ownDataTypeParameters>
<autoIncrementCycle>false</autoIncrementCycle>
</Column>
<Column name="ds_documento" id="993ADD7F-F8B2-DE07-F6AE-B4F50AB5EBC8">
<createdBy>alex</createdBy>
<createdTime>2023-05-18 00:17:33 UTC</createdTime>
<generatorID>377A7EFB-F62E-756C-3DA2-D51205CBD098</generatorID>
<ownerDesignName>EasyCarros</ownerDesignName>
<useDomainConstraints>false</useDomainConstraints>
<use>1</use>
<logicalDatatype>LOGDT024</logicalDatatype>
<dataTypeSize>100 CHAR</dataTypeSize>
<ownDataTypeParameters>100 CHAR,,</ownDataTypeParameters>
<autoIncrementCycle>false</autoIncrementCycle>
</Column>
<Column name="nr_documento" id="CF4BD88E-A31D-8E34-2CCB-B0ED9DAAFC73">
<createdBy>alex</createdBy>
<createdTime>2023-05-18 00:17:33 UTC</createdTime>
<generatorID>139FD19A-C4EB-5C3F-D721-D7CF97678727</generatorID>
<ownerDesignName>EasyCarros</ownerDesignName>
<useDomainConstraints>false</useDomainConstraints>
<use>1</use>
<logicalDatatype>LOGDT024</logicalDatatype>
<dataTypeSize>50 CHAR</dataTypeSize>
<ownDataTypeParameters>50 CHAR,,</ownDataTypeParameters>
<autoIncrementCycle>false</autoIncrementCycle>
</Column>
<Column name="dt_data_expedicao" id="6769C0F2-DA30-D248-434E-CA34A9A017CF">
<createdBy>alex</createdBy>
<createdTime>2023-05-18 00:17:33 UTC</createdTime>
<generatorID>B569546C-2B80-54F0-D487-ED2AE212B069</generatorID>
<ownerDesignName>EasyCarros</ownerDesignName>
<useDomainConstraints>false</useDomainConstraints>
<use>1</use>
<logicalDatatype>LOGDT008</logicalDatatype>
<ownDataTypeParameters>,,</ownDataTypeParameters>
<autoIncrementCycle>false</autoIncrementCycle>
</Column>
<Column name="cd_tipo_documento" id="FE7C0778-F856-8581-6765-B3C13E519D65">
<createdBy>alex</createdBy>
<createdTime>2023-05-18 00:17:33 UTC</createdTime>
<generatorID>1FDEF832-76C7-CDD9-E9A0-129A634F6D17</generatorID>
<ownerDesignName>EasyCarros</ownerDesignName>
<useDomainConstraints>false</useDomainConstraints>
<use>1</use>
<logicalDatatype>LOGDT027</logicalDatatype>
<ownDataTypeParameters>,,</ownDataTypeParameters>
<previousColumn>false</previousColumn>
<autoIncrementCycle>false</autoIncrementCycle>
<associations>
<colAssociation fkAssociation="77227AC2-5B17-BF10-A50E-7823EB5B9233" referredColumn="9C1973FA-6AF4-B74E-9DE1-8F467E4BBE4F"/>
</associations>
</Column>
<Column name="cd_pessoa" id="D034BF6C-F523-4465-B00F-B5C78DA13EC4">
<createdBy>alex</createdBy>
<createdTime>2023-05-18 00:17:33 UTC</createdTime>
<generatorID>455B2994-D1FD-26A1-C07F-20B993A3D17F</generatorID>
<ownerDesignName>EasyCarros</ownerDesignName>
<useDomainConstraints>false</useDomainConstraints>
<use>1</use>
<logicalDatatype>LOGDT027</logicalDatatype>
<ownDataTypeParameters>,,</ownDataTypeParameters>
<previousColumn>false</previousColumn>
<autoIncrementCycle>false</autoIncrementCycle>
<associations>
<colAssociation fkAssociation="B31EAA2E-2334-B99D-3940-573D09A07650" referredColumn="25E98A25-A5CB-3CD4-50FC-99FC280F7C6A"/>
</associations>
</Column>
<Column name="cd_imagem" id="E9D6393F-AC9D-9F12-B187-3E0ADC0D92CF">
<createdBy>alex</createdBy>
<createdTime>2023-05-18 00:17:33 UTC</createdTime>
<generatorID>CADAD1D3-72AA-4A26-7161-BB23EEB525DA</generatorID>
<ownerDesignName>EasyCarros</ownerDesignName>
<nullsAllowed>true</nullsAllowed>
<useDomainConstraints>false</useDomainConstraints>
<use>1</use>
<logicalDatatype>LOGDT027</logicalDatatype>
<ownDataTypeParameters>,,</ownDataTypeParameters>
<previousColumn>false</previousColumn>
<autoIncrementCycle>false</autoIncrementCycle>
<associations>
<colAssociation fkAssociation="163F8B22-ADD6-AC6F-93BD-DA5B3BC46F0B" referredColumn="05FFC739-5955-F6FD-5177-90596400236B"/>
</associations>
</Column>
</columns>
<indexes itemClass="oracle.dbtools.crest.model.design.relational.Index">
<ind_PK_UK id="B116CE2F-E18E-66D1-D882-B754C9732672" name="T_DOCUMENTO_PK">
<createdBy>alex</createdBy>
<createdTime>2023-05-18 00:17:33 UTC</createdTime>
<generatorID>8FEA6F5C-5DAB-60D6-CC39-770F44587475</generatorID>
<ownerDesignName>EasyCarros</ownerDesignName>
<pk>true</pk>
<indexState>Primary Constraint</indexState>
<isSurrogateKey>false</isSurrogateKey>
<indexColumnUsage>
<colUsage columnID="9A75A3B6-1981-63E7-BDCE-DAB157243D7E"/>
</indexColumnUsage>
</ind_PK_UK>
<ind_PK_UK id="9CAA42C7-4062-2C50-76AD-B96A7235CF64" name="T_DOC_T_PES_FK">
<createdBy>alex</createdBy>
<createdTime>2023-05-18 00:17:33 UTC</createdTime>
<generatorID>BC525F51-870E-F5C0-7638-B57239D33322</generatorID>
<ownerDesignName>EasyCarros</ownerDesignName>
<indexState>Foreign Key</indexState>
<isSurrogateKey>false</isSurrogateKey>
<indexColumnUsage>
<colUsage columnID="D034BF6C-F523-4465-B00F-B5C78DA13EC4"/>
</indexColumnUsage>
</ind_PK_UK>
<ind_PK_UK id="E7F53C15-A4D6-4F9C-65E5-708D70339A2C" name="T_DOC_T_IMG_FK">
<createdBy>alex</createdBy>
<createdTime>2023-05-18 00:17:33 UTC</createdTime>
<generatorID>01DE9F65-886D-73FF-6B91-DE97B143D396</generatorID>
<ownerDesignName>EasyCarros</ownerDesignName>
<indexState>Foreign Key</indexState>
<isSurrogateKey>false</isSurrogateKey>
<indexColumnUsage>
<colUsage columnID="E9D6393F-AC9D-9F12-B187-3E0ADC0D92CF"/>
</indexColumnUsage>
</ind_PK_UK>
<ind_PK_UK id="809055BF-71D6-71B2-FD2A-1C9FC61FF3F7" name="T_DOC_T_TP_DOC_FK">
<createdBy>alex</createdBy>
<createdTime>2023-05-18 00:17:33 UTC</createdTime>
<generatorID>4B3C9F3C-9A13-8E91-7888-769B36649610</generatorID>
<ownerDesignName>EasyCarros</ownerDesignName>
<indexState>Foreign Key</indexState>
<isSurrogateKey>false</isSurrogateKey>
<indexColumnUsage>
<colUsage columnID="FE7C0778-F856-8581-6765-B3C13E519D65"/>
</indexColumnUsage>
</ind_PK_UK>
</indexes>
</Table>