<?xml version = '1.0' encoding = 'UTF-8'?>
<Table class="oracle.dbtools.crest.model.design.relational.Table" directorySegmentName="seg_0" id="34018357-3522-03D4-00FD-9A4CB36EF474" name="T_CARTAO">
<createdBy>alex</createdBy>
<createdTime>2023-05-18 22:38:57 UTC</createdTime>
<generatorID>58B13E65-9564-B142-69A9-604903BA744D</generatorID>
<ownerDesignName>EasyCarros</ownerDesignName>
<allowColumnReorder>false</allowColumnReorder>
<existDependencyGenerateInDDl>true</existDependencyGenerateInDDl>
<parsed>true</parsed>
<columns itemClass="oracle.dbtools.crest.model.design.relational.Column">
<Column name="cd_cartao" id="82BA2BCA-D0DB-DB8B-24C2-8953F64F27A0">
<createdBy>alex</createdBy>
<createdTime>2023-05-18 22:38:57 UTC</createdTime>
<generatorID>DCF5F726-13A2-D6A0-9017-E1854F8CE451</generatorID>
<ownerDesignName>EasyCarros</ownerDesignName>
<useDomainConstraints>false</useDomainConstraints>
<use>1</use>
<logicalDatatype>LOGDT027</logicalDatatype>
<ownDataTypeParameters>,,</ownDataTypeParameters>
<autoIncrementCycle>false</autoIncrementCycle>
</Column>
<Column name="nm_bandeira" id="8415CD3E-581E-4E83-2989-2B54A8031856">
<createdBy>alex</createdBy>
<createdTime>2023-05-18 22:38:57 UTC</createdTime>
<generatorID>B76E7EAE-0B27-4E28-0D78-729E04CAA195</generatorID>
<ownerDesignName>EasyCarros</ownerDesignName>
<useDomainConstraints>false</useDomainConstraints>
<use>1</use>
<logicalDatatype>LOGDT024</logicalDatatype>
<dataTypeSize>100 CHAR</dataTypeSize>
<ownDataTypeParameters>100 CHAR,,</ownDataTypeParameters>
<autoIncrementCycle>false</autoIncrementCycle>
</Column>
<Column name="cd_tipo_cartao" id="6D0EBC89-D1C4-9B18-E9CD-5EECFE9084DB">
<createdBy>alex</createdBy>
<createdTime>2023-05-18 22:38:57 UTC</createdTime>
<generatorID>B8D9D8C6-38D7-B3B5-D6AA-87736F8B59A2</generatorID>
<ownerDesignName>EasyCarros</ownerDesignName>
<useDomainConstraints>false</useDomainConstraints>
<use>1</use>
<logicalDatatype>LOGDT027</logicalDatatype>
<ownDataTypeParameters>,,</ownDataTypeParameters>
<previousColumn>false</previousColumn>
<autoIncrementCycle>false</autoIncrementCycle>
<associations>
<colAssociation fkAssociation="00BCE3CE-CC5A-F563-3C4E-A4F08F0C313B" referredColumn="EB34570D-FF9D-1632-85F5-872BDFCD3C8E"/>
</associations>
</Column>
</columns>
<indexes itemClass="oracle.dbtools.crest.model.design.relational.Index">
<ind_PK_UK id="03D43141-B494-BC68-FDED-0055B8794E16" name="T_CARTAO_PK">
<createdBy>alex</createdBy>
<createdTime>2023-05-18 22:38:57 UTC</createdTime>
<generatorID>5A108783-1488-5B93-11E2-ABCEBF38CCC6</generatorID>
<ownerDesignName>EasyCarros</ownerDesignName>
<pk>true</pk>
<indexState>Primary Constraint</indexState>
<isSurrogateKey>false</isSurrogateKey>
<indexColumnUsage>
<colUsage columnID="82BA2BCA-D0DB-DB8B-24C2-8953F64F27A0"/>
</indexColumnUsage>
</ind_PK_UK>
<ind_PK_UK id="BDBBB2A4-D6B7-8E2C-DA24-ECE1A0CA4D02" name="T_CRT_T_TP_CRT_FK">
<createdBy>alex</createdBy>
<createdTime>2023-05-18 22:38:57 UTC</createdTime>
<generatorID>78BFB8B3-BE11-97AF-ABD8-994581039E22</generatorID>
<ownerDesignName>EasyCarros</ownerDesignName>
<indexState>Foreign Key</indexState>
<isSurrogateKey>false</isSurrogateKey>
<indexColumnUsage>
<colUsage columnID="6D0EBC89-D1C4-9B18-E9CD-5EECFE9084DB"/>
</indexColumnUsage>
</ind_PK_UK>
</indexes>
</Table>