<?xml version = '1.0' encoding = 'UTF-8'?>
<Table class="oracle.dbtools.crest.model.design.relational.Table" directorySegmentName="seg_0" id="9D5E0CBE-9D5B-D4BF-4194-59A3D1E23FE5" name="T_TIPO_CARTAO">
<createdBy>alex</createdBy>
<createdTime>2023-05-18 22:38:57 UTC</createdTime>
<generatorID>63B9A5B6-8F9E-7956-9F39-5720403BD293</generatorID>
<ownerDesignName>EasyCarros</ownerDesignName>
<allowColumnReorder>false</allowColumnReorder>
<existDependencyGenerateInDDl>true</existDependencyGenerateInDDl>
<parsed>true</parsed>
<columns itemClass="oracle.dbtools.crest.model.design.relational.Column">
<Column name="cd_tipo_cartao" id="EB34570D-FF9D-1632-85F5-872BDFCD3C8E">
<createdBy>alex</createdBy>
<createdTime>2023-05-18 22:38:57 UTC</createdTime>
<generatorID>23F8076C-76B1-C2F0-5AC9-75FCBB32F2E8</generatorID>
<ownerDesignName>EasyCarros</ownerDesignName>
<useDomainConstraints>false</useDomainConstraints>
<use>1</use>
<logicalDatatype>LOGDT027</logicalDatatype>
<ownDataTypeParameters>,,</ownDataTypeParameters>
<autoIncrementCycle>false</autoIncrementCycle>
</Column>
<Column name="ds_tipo_cartao" id="8F0766F6-7B46-384D-0AA5-C854AB541F4A">
<createdBy>alex</createdBy>
<createdTime>2023-05-18 22:38:57 UTC</createdTime>
<generatorID>FFFC1248-13AB-1331-9A7D-67B19212DE1A</generatorID>
<ownerDesignName>EasyCarros</ownerDesignName>
<useDomainConstraints>false</useDomainConstraints>
<use>1</use>
<logicalDatatype>LOGDT024</logicalDatatype>
<dataTypeSize>100 CHAR</dataTypeSize>
<ownDataTypeParameters>100 CHAR,,</ownDataTypeParameters>
<autoIncrementCycle>false</autoIncrementCycle>
</Column>
</columns>
<indexes itemClass="oracle.dbtools.crest.model.design.relational.Index">
<ind_PK_UK id="BE81B59A-84A5-1F76-C25A-8575AD751C82" name="T_TIPO_CARTAO_PK">
<createdBy>alex</createdBy>
<createdTime>2023-05-18 22:38:57 UTC</createdTime>
<generatorID>C5EB032A-B05C-1ED7-86DA-9A8B4CE92DF9</generatorID>
<ownerDesignName>EasyCarros</ownerDesignName>
<pk>true</pk>
<indexState>Primary Constraint</indexState>
<isSurrogateKey>false</isSurrogateKey>
<indexColumnUsage>
<colUsage columnID="EB34570D-FF9D-1632-85F5-872BDFCD3C8E"/>
</indexColumnUsage>
</ind_PK_UK>
</indexes>
</Table>