<?xml version = '1.0' encoding = 'UTF-8'?>
<Table class="oracle.dbtools.crest.model.design.relational.Table" directorySegmentName="seg_0" id="A72C00F3-A19A-2525-8BF6-AB68235AD8A7" name="T_LOCACAO">
<createdBy>alex</createdBy>
<createdTime>2023-05-18 00:17:33 UTC</createdTime>
<generatorID>67228A61-8B40-9C22-5CB8-9E919768E078</generatorID>
<ownerDesignName>EasyCarros</ownerDesignName>
<allowColumnReorder>false</allowColumnReorder>
<existDependencyGenerateInDDl>true</existDependencyGenerateInDDl>
<parsed>true</parsed>
<columns itemClass="oracle.dbtools.crest.model.design.relational.Column">
<Column name="cd_locacao" id="93E10594-CEC7-5D74-D9E5-50046899B054">
<createdBy>alex</createdBy>
<createdTime>2023-05-18 00:17:33 UTC</createdTime>
<generatorID>B38124B9-E57C-B61B-6F99-C5DCDB603C49</generatorID>
<ownerDesignName>EasyCarros</ownerDesignName>
<useDomainConstraints>false</useDomainConstraints>
<use>1</use>
<logicalDatatype>LOGDT027</logicalDatatype>
<ownDataTypeParameters>,,</ownDataTypeParameters>
<autoIncrementCycle>false</autoIncrementCycle>
</Column>
<Column name="dt_data_hora_locacao" id="5ECD4B3C-4BFB-8B3E-785C-D89F5FA3211B">
<createdBy>alex</createdBy>
<createdTime>2023-05-18 00:17:33 UTC</createdTime>
<generatorID>119F1AB9-8AB6-7E99-7436-6728953BABB0</generatorID>
<ownerDesignName>EasyCarros</ownerDesignName>
<useDomainConstraints>false</useDomainConstraints>
<use>1</use>
<logicalDatatype>LOGDT008</logicalDatatype>
<ownDataTypeParameters>,,</ownDataTypeParameters>
<autoIncrementCycle>false</autoIncrementCycle>
</Column>
<Column name="dt_data_hora_devolucao" id="DFAC55A3-8465-C288-76CC-9AACDF4BBB74">
<createdBy>alex</createdBy>
<createdTime>2023-05-18 00:17:33 UTC</createdTime>
<generatorID>62D3BFFA-A939-B6B2-415F-0BE6B6E7CDD5</generatorID>
<ownerDesignName>EasyCarros</ownerDesignName>
<useDomainConstraints>false</useDomainConstraints>
<use>1</use>
<logicalDatatype>LOGDT008</logicalDatatype>
<ownDataTypeParameters>,,</ownDataTypeParameters>
<autoIncrementCycle>false</autoIncrementCycle>
</Column>
<Column name="vl_locacao" id="2E9B0C9C-9A8A-D11F-CED0-65FB3D49778E">
<createdBy>alex</createdBy>
<createdTime>2023-05-18 00:17:33 UTC</createdTime>
<generatorID>66997F9F-AE0C-F03C-7F28-3F1F0ABB16F4</generatorID>
<ownerDesignName>EasyCarros</ownerDesignName>
<useDomainConstraints>false</useDomainConstraints>
<use>1</use>
<logicalDatatype>LOGDT019</logicalDatatype>
<dataTypePrecision>10</dataTypePrecision>
<dataTypeScale>2</dataTypeScale>
<ownDataTypeParameters>,10,2</ownDataTypeParameters>
<autoIncrementCycle>false</autoIncrementCycle>
</Column>
<Column name="cd_tipo_locacao" id="44EE96A3-8F41-1932-0096-2AE193E2A83A">
<createdBy>alex</createdBy>
<createdTime>2023-05-18 00:17:33 UTC</createdTime>
<generatorID>63C64006-6CD5-F81D-8317-1D1D74E20AF3</generatorID>
<ownerDesignName>EasyCarros</ownerDesignName>
<useDomainConstraints>false</useDomainConstraints>
<use>1</use>
<logicalDatatype>LOGDT027</logicalDatatype>
<ownDataTypeParameters>,,</ownDataTypeParameters>
<previousColumn>false</previousColumn>
<autoIncrementCycle>false</autoIncrementCycle>
<associations>
<colAssociation fkAssociation="2AF3A48E-070F-F2BC-684F-F58496FA60C4" referredColumn="6A987986-A02B-D344-07B9-6700F11E522D"/>
</associations>
</Column>
<Column name="cd_forma_pagamento" id="28CFE61E-8ED6-A9FF-18D1-B50C9E81D006">
<createdBy>alex</createdBy>
<createdTime>2023-05-18 22:38:57 UTC</createdTime>
<generatorID>3F8CBC28-A7E1-B024-4645-A1BC0D2FBF65</generatorID>
<ownerDesignName>EasyCarros</ownerDesignName>
<useDomainConstraints>false</useDomainConstraints>
<use>1</use>
<logicalDatatype>LOGDT027</logicalDatatype>
<ownDataTypeParameters>,,</ownDataTypeParameters>
<previousColumn>false</previousColumn>
<autoIncrementCycle>false</autoIncrementCycle>
<associations>
<colAssociation fkAssociation="A4D3E27E-DD22-771B-5419-609E093EEBA8" referredColumn="B42A7C6E-ED79-10D7-80A4-D3DEE3109C39"/>
</associations>
</Column>
<Column name="cd_cartao" id="35AF121B-3832-74D5-05DD-05583DEAB603">
<createdBy>alex</createdBy>
<createdTime>2023-05-18 22:38:57 UTC</createdTime>
<generatorID>81FC4E28-A1CD-B6CE-967B-3DA0471CCB95</generatorID>
<ownerDesignName>EasyCarros</ownerDesignName>
<nullsAllowed>true</nullsAllowed>
<useDomainConstraints>false</useDomainConstraints>
<use>1</use>
<logicalDatatype>LOGDT027</logicalDatatype>
<ownDataTypeParameters>,,</ownDataTypeParameters>
<previousColumn>false</previousColumn>
<autoIncrementCycle>false</autoIncrementCycle>
<associations>
<colAssociation fkAssociation="8C67F9DD-D662-B588-5F64-85F1228260E0" referredColumn="82BA2BCA-D0DB-DB8B-24C2-8953F64F27A0"/>
</associations>
</Column>
<Column name="nr_cartao" id="B833E26F-D7B7-C313-9443-62EF9B0DF24E">
<createdBy>alex</createdBy>
<createdTime>2023-05-18 22:38:57 UTC</createdTime>
<generatorID>4A7666C6-D752-66AC-F120-6D61C03241E1</generatorID>
<ownerDesignName>EasyCarros</ownerDesignName>
<nullsAllowed>true</nullsAllowed>
<useDomainConstraints>false</useDomainConstraints>
<use>1</use>
<logicalDatatype>LOGDT025</logicalDatatype>
<dataTypeSize>16</dataTypeSize>
<ownDataTypeParameters>16,,</ownDataTypeParameters>
<autoIncrementCycle>false</autoIncrementCycle>
</Column>
<Column name="nr_codigo_seguranca_cartao" id="2AAD2437-7B72-C6D3-9815-649B05D5BE02">
<createdBy>alex</createdBy>
<createdTime>2023-05-18 22:38:57 UTC</createdTime>
<generatorID>00CD358F-2D3D-A595-4EA3-F46351AF7128</generatorID>
<ownerDesignName>EasyCarros</ownerDesignName>
<nullsAllowed>true</nullsAllowed>
<useDomainConstraints>false</useDomainConstraints>
<use>1</use>
<logicalDatatype>LOGDT025</logicalDatatype>
<dataTypeSize>3 CHAR</dataTypeSize>
<ownDataTypeParameters>3 CHAR,,</ownDataTypeParameters>
<autoIncrementCycle>false</autoIncrementCycle>
</Column>
<Column name="dt_data_vencimento_cartao" id="6D1A2F0D-9940-EC42-7E3F-FF3019B9E1B0">
<createdBy>alex</createdBy>
<createdTime>2023-05-18 22:38:57 UTC</createdTime>
<generatorID>4F965E92-CE77-F490-F4D6-0620236E4DCB</generatorID>
<ownerDesignName>EasyCarros</ownerDesignName>
<nullsAllowed>true</nullsAllowed>
<useDomainConstraints>false</useDomainConstraints>
<use>1</use>
<logicalDatatype>LOGDT007</logicalDatatype>
<ownDataTypeParameters>,,</ownDataTypeParameters>
<autoIncrementCycle>false</autoIncrementCycle>
</Column>
<Column name="nm_titular_cartao" id="5FD7BEFA-9FAD-640A-3449-3131AA1D4C5D">
<createdBy>alex</createdBy>
<createdTime>2023-05-18 22:38:57 UTC</createdTime>
<generatorID>94C4F9E7-99BF-0BB0-4BE9-F674FACCF525</generatorID>
<ownerDesignName>EasyCarros</ownerDesignName>
<nullsAllowed>true</nullsAllowed>
<useDomainConstraints>false</useDomainConstraints>
<use>1</use>
<logicalDatatype>LOGDT024</logicalDatatype>
<dataTypeSize>100 CHAR</dataTypeSize>
<ownDataTypeParameters>100 CHAR,,</ownDataTypeParameters>
<autoIncrementCycle>false</autoIncrementCycle>
</Column>
<Column name="cpf_titular_cartao" id="02FDA8DE-0A13-188B-0C9A-7FEC35C72CC7">
<createdBy>alex</createdBy>
<createdTime>2023-05-18 22:38:57 UTC</createdTime>
<generatorID>B9495DCF-D680-55D7-BC0C-23F31EC96F81</generatorID>
<ownerDesignName>EasyCarros</ownerDesignName>
<nullsAllowed>true</nullsAllowed>
<useDomainConstraints>false</useDomainConstraints>
<use>1</use>
<logicalDatatype>LOGDT025</logicalDatatype>
<dataTypeSize>11 CHAR</dataTypeSize>
<ownDataTypeParameters>11 CHAR,,</ownDataTypeParameters>
<autoIncrementCycle>false</autoIncrementCycle>
</Column>
<Column name="cd_modelo" id="75FAB2CA-0CC5-3695-6CD3-BD1A185C86B4">
<createdBy>alex</createdBy>
<createdTime>2023-05-18 22:38:57 UTC</createdTime>
<generatorID>AA3C97DD-B44B-0FBF-23E5-92C3630C5D23</generatorID>
<ownerDesignName>EasyCarros</ownerDesignName>
<useDomainConstraints>false</useDomainConstraints>
<use>1</use>
<logicalDatatype>LOGDT027</logicalDatatype>
<ownDataTypeParameters>,,</ownDataTypeParameters>
<previousColumn>false</previousColumn>
<autoIncrementCycle>false</autoIncrementCycle>
<associations>
<colAssociation fkAssociation="E1B75F3E-35ED-965E-41C4-B4265DD978A4" referredColumn="6F013712-944F-9E79-F921-DE292A70CD0C"/>
</associations>
</Column>
<Column name="cd_pessoa" id="AA6AFFA3-8D68-16E9-CED0-86D10971B50C">
<createdBy>alex</createdBy>
<createdTime>2023-05-18 22:38:57 UTC</createdTime>
<generatorID>5D822523-8125-C9D6-249B-8F7B628DB05E</generatorID>
<ownerDesignName>EasyCarros</ownerDesignName>
<useDomainConstraints>false</useDomainConstraints>
<use>1</use>
<logicalDatatype>LOGDT027</logicalDatatype>
<ownDataTypeParameters>,,</ownDataTypeParameters>
<previousColumn>false</previousColumn>
<autoIncrementCycle>false</autoIncrementCycle>
<associations>
<colAssociation fkAssociation="B73DDA42-00A5-528D-C881-F80C07C4EF13" referredColumn="25E98A25-A5CB-3CD4-50FC-99FC280F7C6A"/>
</associations>
</Column>
</columns>
<indexes itemClass="oracle.dbtools.crest.model.design.relational.Index">
<ind_PK_UK id="1C37501B-4875-D3DB-761E-996334EFD909" name="T_LOCACAO_PK">
<createdBy>alex</createdBy>
<createdTime>2023-05-18 00:17:33 UTC</createdTime>
<generatorID>7320A2F0-1683-5F03-14BE-71FF1D56A4F6</generatorID>
<ownerDesignName>EasyCarros</ownerDesignName>
<pk>true</pk>
<indexState>Primary Constraint</indexState>
<isSurrogateKey>false</isSurrogateKey>
<indexColumnUsage>
<colUsage columnID="93E10594-CEC7-5D74-D9E5-50046899B054"/>
</indexColumnUsage>
</ind_PK_UK>
<ind_PK_UK id="1C3E8FEA-1B4F-CAAF-2A1B-CCBC219382E2" name="T_LOC_T_TP_LOC_FK">
<createdBy>alex</createdBy>
<createdTime>2023-05-18 00:17:33 UTC</createdTime>
<generatorID>60D62A2D-661A-4BBE-63B8-9C0384B9A778</generatorID>
<ownerDesignName>EasyCarros</ownerDesignName>
<indexState>Foreign Key</indexState>
<isSurrogateKey>false</isSurrogateKey>
<indexColumnUsage>
<colUsage columnID="44EE96A3-8F41-1932-0096-2AE193E2A83A"/>
</indexColumnUsage>
</ind_PK_UK>
<ind_PK_UK id="21BBD471-5E33-0E5D-01D5-8D2B23896AE0" name="T_LOC_T_FORM_PAG_FK">
<createdBy>alex</createdBy>
<createdTime>2023-05-18 22:38:57 UTC</createdTime>
<generatorID>08F80B1F-D78B-8E55-ACC8-00F9579B2464</generatorID>
<ownerDesignName>EasyCarros</ownerDesignName>
<indexState>Foreign Key</indexState>
<isSurrogateKey>false</isSurrogateKey>
<indexColumnUsage>
<colUsage columnID="28CFE61E-8ED6-A9FF-18D1-B50C9E81D006"/>
</indexColumnUsage>
</ind_PK_UK>
<ind_PK_UK id="9CAC6F95-DEB2-C3BD-4D1A-82D7D42B0234" name="T_LOC_T_MODEL_FK">
<createdBy>alex</createdBy>
<createdTime>2023-05-18 22:38:57 UTC</createdTime>
<generatorID>25A9CF6E-5BC0-F166-B4F5-DE3DEF408710</generatorID>
<ownerDesignName>EasyCarros</ownerDesignName>
<indexState>Foreign Key</indexState>
<isSurrogateKey>false</isSurrogateKey>
<indexColumnUsage>
<colUsage columnID="75FAB2CA-0CC5-3695-6CD3-BD1A185C86B4"/>
</indexColumnUsage>
</ind_PK_UK>
<ind_PK_UK id="D3CB4AF4-82C6-21F6-BCC3-A60E3B66A062" name="T_LOC_T_CRT_FK">
<createdBy>alex</createdBy>
<createdTime>2023-05-18 22:38:57 UTC</createdTime>
<generatorID>1F093CD1-B43B-C358-D782-874E91E9442E</generatorID>
<ownerDesignName>EasyCarros</ownerDesignName>
<indexState>Foreign Key</indexState>
<isSurrogateKey>false</isSurrogateKey>
<indexColumnUsage>
<colUsage columnID="35AF121B-3832-74D5-05DD-05583DEAB603"/>
</indexColumnUsage>
</ind_PK_UK>
<ind_PK_UK id="6DBC28E5-AA6E-75C3-4515-0F60D5A9BA48" name="T_LOC_T_PES_FK">
<createdBy>alex</createdBy>
<createdTime>2023-05-18 22:38:57 UTC</createdTime>
<generatorID>19394D0C-8BB9-4629-621D-BB7D8B227F6F</generatorID>
<ownerDesignName>EasyCarros</ownerDesignName>
<indexState>Foreign Key</indexState>
<isSurrogateKey>false</isSurrogateKey>
<indexColumnUsage>
<colUsage columnID="AA6AFFA3-8D68-16E9-CED0-86D10971B50C"/>
</indexColumnUsage>
</ind_PK_UK>
</indexes>
</Table>