<?xml version = '1.0' encoding = 'UTF-8'?>
<Table class="oracle.dbtools.crest.model.design.relational.Table" directorySegmentName="seg_0" id="AD850430-0568-944A-F215-8BE67A913E9F" name="T_MODELO">
<createdBy>alex</createdBy>
<createdTime>2023-05-18 00:17:33 UTC</createdTime>
<generatorID>923DF97F-96CC-80A5-F25A-4B6A4AC7CDFE</generatorID>
<ownerDesignName>EasyCarros</ownerDesignName>
<allowColumnReorder>false</allowColumnReorder>
<existDependencyGenerateInDDl>true</existDependencyGenerateInDDl>
<parsed>true</parsed>
<columns itemClass="oracle.dbtools.crest.model.design.relational.Column">
<Column name="cd_modelo" id="6F013712-944F-9E79-F921-DE292A70CD0C">
<createdBy>alex</createdBy>
<createdTime>2023-05-18 00:17:33 UTC</createdTime>
<generatorID>35E83921-13B6-9A01-EA56-B922DD12CEEF</generatorID>
<ownerDesignName>EasyCarros</ownerDesignName>
<useDomainConstraints>false</useDomainConstraints>
<use>1</use>
<logicalDatatype>LOGDT027</logicalDatatype>
<ownDataTypeParameters>,,</ownDataTypeParameters>
<autoIncrementCycle>false</autoIncrementCycle>
</Column>
<Column name="nm_modelo" id="6D6878BF-1552-886F-D875-BC22E78B62D8">
<createdBy>alex</createdBy>
<createdTime>2023-05-18 00:17:33 UTC</createdTime>
<generatorID>B5FB7D31-C8ED-7A12-44F7-43282C036711</generatorID>
<ownerDesignName>EasyCarros</ownerDesignName>
<useDomainConstraints>false</useDomainConstraints>
<use>1</use>
<logicalDatatype>LOGDT024</logicalDatatype>
<dataTypeSize>150 CHAR</dataTypeSize>
<ownDataTypeParameters>150 CHAR,,</ownDataTypeParameters>
<autoIncrementCycle>false</autoIncrementCycle>
</Column>
<Column name="nm_cor" id="2CD0EA8A-F112-B23C-5444-96A72FB56977">
<createdBy>alex</createdBy>
<createdTime>2023-05-18 00:17:33 UTC</createdTime>
<generatorID>394CE1B2-CFB5-0D89-12BE-1683C11D92BB</generatorID>
<ownerDesignName>EasyCarros</ownerDesignName>
<useDomainConstraints>false</useDomainConstraints>
<use>1</use>
<logicalDatatype>LOGDT024</logicalDatatype>
<dataTypeSize>50 CHAR</dataTypeSize>
<ownDataTypeParameters>50 CHAR,,</ownDataTypeParameters>
<autoIncrementCycle>false</autoIncrementCycle>
</Column>
<Column name="nr_quantidade_portas" id="318C2E52-BFC7-2CA8-BD69-A61676617911">
<createdBy>alex</createdBy>
<createdTime>2023-05-18 00:17:33 UTC</createdTime>
<generatorID>02AA06FF-3701-1B38-A27A-DF7CDA308315</generatorID>
<ownerDesignName>EasyCarros</ownerDesignName>
<useDomainConstraints>false</useDomainConstraints>
<use>1</use>
<logicalDatatype>LOGDT011</logicalDatatype>
<ownDataTypeParameters>,,</ownDataTypeParameters>
<autoIncrementCycle>false</autoIncrementCycle>
</Column>
<Column name="ds_placa" id="8A1C1473-865C-E861-2002-A4E1A07F74D4">
<createdBy>alex</createdBy>
<createdTime>2023-05-18 00:17:33 UTC</createdTime>
<generatorID>01D4CEEA-BF90-B226-A371-66EE102855DB</generatorID>
<ownerDesignName>EasyCarros</ownerDesignName>
<useDomainConstraints>false</useDomainConstraints>
<use>1</use>
<logicalDatatype>LOGDT025</logicalDatatype>
<dataTypeSize>7 CHAR</dataTypeSize>
<ownDataTypeParameters>7 CHAR,,</ownDataTypeParameters>
<autoIncrementCycle>false</autoIncrementCycle>
</Column>
<Column name="ds_renavam" id="CD1517BA-729A-BE6C-99A8-BEECBFF814B4">
<createdBy>alex</createdBy>
<createdTime>2023-05-18 00:17:33 UTC</createdTime>
<generatorID>945A1CDB-41EA-9F2B-41FC-6A31FD698895</generatorID>
<ownerDesignName>EasyCarros</ownerDesignName>
<useDomainConstraints>false</useDomainConstraints>
<use>1</use>
<logicalDatatype>LOGDT025</logicalDatatype>
<dataTypeSize>11</dataTypeSize>
<ownDataTypeParameters>11,,</ownDataTypeParameters>
<autoIncrementCycle>false</autoIncrementCycle>
</Column>
<Column name="ds_chassi" id="0334E505-2DC5-808D-E788-DA3BAEF7E2E6">
<createdBy>alex</createdBy>
<createdTime>2023-05-18 00:17:33 UTC</createdTime>
<generatorID>F1CAB813-0C9C-B505-BF35-3E1F7D634CFF</generatorID>
<ownerDesignName>EasyCarros</ownerDesignName>
<useDomainConstraints>false</useDomainConstraints>
<use>1</use>
<logicalDatatype>LOGDT025</logicalDatatype>
<dataTypeSize>17 CHAR</dataTypeSize>
<ownDataTypeParameters>17 CHAR,,</ownDataTypeParameters>
<autoIncrementCycle>false</autoIncrementCycle>
</Column>
<Column name="nm_pais_origem" id="DCA3EF00-316F-0582-E1DD-6F5850082E0A">
<createdBy>alex</createdBy>
<createdTime>2023-05-18 00:17:33 UTC</createdTime>
<generatorID>C002F282-6EB6-8174-ABED-EF5E07331145</generatorID>
<ownerDesignName>EasyCarros</ownerDesignName>
<useDomainConstraints>false</useDomainConstraints>
<use>1</use>
<logicalDatatype>LOGDT024</logicalDatatype>
<dataTypeSize>100 CHAR</dataTypeSize>
<ownDataTypeParameters>100 CHAR,,</ownDataTypeParameters>
<autoIncrementCycle>false</autoIncrementCycle>
</Column>
<Column name="cd_marca" id="48C4FB79-39A8-CB40-3704-33F82B00BCCE">
<createdBy>alex</createdBy>
<createdTime>2023-05-18 00:17:33 UTC</createdTime>
<generatorID>2019FFF9-85A9-641A-73FA-F853FA38677D</generatorID>
<ownerDesignName>EasyCarros</ownerDesignName>
<useDomainConstraints>false</useDomainConstraints>
<use>1</use>
<logicalDatatype>LOGDT027</logicalDatatype>
<ownDataTypeParameters>,,</ownDataTypeParameters>
<previousColumn>false</previousColumn>
<autoIncrementCycle>false</autoIncrementCycle>
<associations>
<colAssociation fkAssociation="F6AED26B-8D05-1A26-566C-09208E3E41B2" referredColumn="57E41014-A6CF-4A20-F43F-20E452439EF2"/>
</associations>
</Column>
<Column name="cd_plataforma" id="8F688277-71DA-D161-A310-8AC4CB84FD51">
<createdBy>alex</createdBy>
<createdTime>2023-05-18 00:17:33 UTC</createdTime>
<generatorID>D3BFEEC2-7CCD-3E8B-3BA8-DC0A746E5AAC</generatorID>
<ownerDesignName>EasyCarros</ownerDesignName>
<useDomainConstraints>false</useDomainConstraints>
<use>1</use>
<logicalDatatype>LOGDT027</logicalDatatype>
<ownDataTypeParameters>,,</ownDataTypeParameters>
<previousColumn>false</previousColumn>
<autoIncrementCycle>false</autoIncrementCycle>
<associations>
<colAssociation fkAssociation="5B16C3D3-C10D-CFA8-BD78-E160CE001B7A" referredColumn="3936DE99-00B2-FF85-1AE2-178F610933BF"/>
</associations>
</Column>
</columns>
<indexes itemClass="oracle.dbtools.crest.model.design.relational.Index">
<ind_PK_UK id="24B0E7B7-CC31-DEF8-A4FD-A6E84B25DCC8" name="T_MODELO_PK">
<createdBy>alex</createdBy>
<createdTime>2023-05-18 00:17:33 UTC</createdTime>
<generatorID>8C879ED2-46EA-968A-F453-0372396BB107</generatorID>
<ownerDesignName>EasyCarros</ownerDesignName>
<pk>true</pk>
<indexState>Primary Constraint</indexState>
<isSurrogateKey>false</isSurrogateKey>
<indexColumnUsage>
<colUsage columnID="6F013712-944F-9E79-F921-DE292A70CD0C"/>
</indexColumnUsage>
</ind_PK_UK>
<ind_PK_UK id="63513CBA-1C98-73CB-3A15-983B76776AA9" name="T_MODELO_T_MARCA_FK">
<createdBy>alex</createdBy>
<createdTime>2023-05-18 00:17:33 UTC</createdTime>
<generatorID>3853430F-21B3-BFB7-413D-010342B9A306</generatorID>
<ownerDesignName>EasyCarros</ownerDesignName>
<indexState>Foreign Key</indexState>
<isSurrogateKey>false</isSurrogateKey>
<indexColumnUsage>
<colUsage columnID="48C4FB79-39A8-CB40-3704-33F82B00BCCE"/>
</indexColumnUsage>
</ind_PK_UK>
<ind_PK_UK id="5C8EE2D0-B6CE-D436-9E54-E75ADBA0B10A" name="T_MODELO_T_PLATAFORMA_FK">
<createdBy>alex</createdBy>
<createdTime>2023-05-18 00:17:33 UTC</createdTime>
<generatorID>21D58076-90AF-C69E-3F28-937F05AB03DE</generatorID>
<ownerDesignName>EasyCarros</ownerDesignName>
<indexState>Foreign Key</indexState>
<isSurrogateKey>false</isSurrogateKey>
<indexColumnUsage>
<colUsage columnID="8F688277-71DA-D161-A310-8AC4CB84FD51"/>
</indexColumnUsage>
</ind_PK_UK>
</indexes>
</Table>