<?xml version = '1.0' encoding = 'UTF-8'?>
<Table class="oracle.dbtools.crest.model.design.relational.Table" directorySegmentName="seg_0" id="E497219F-CF0B-D7F4-B8CD-A89802EEC527" name="T_PLATAFORMA">
<createdBy>alex</createdBy>
<createdTime>2023-05-18 00:17:33 UTC</createdTime>
<generatorID>6CA87BDF-6E85-6708-4981-27BA10C6098C</generatorID>
<ownerDesignName>EasyCarros</ownerDesignName>
<allowColumnReorder>false</allowColumnReorder>
<existDependencyGenerateInDDl>true</existDependencyGenerateInDDl>
<parsed>true</parsed>
<columns itemClass="oracle.dbtools.crest.model.design.relational.Column">
<Column name="cd_plataforma" id="3936DE99-00B2-FF85-1AE2-178F610933BF">
<createdBy>alex</createdBy>
<createdTime>2023-05-18 00:17:33 UTC</createdTime>
<generatorID>6BF8038B-42EC-244E-E5A2-28BF62555BE1</generatorID>
<ownerDesignName>EasyCarros</ownerDesignName>
<useDomainConstraints>false</useDomainConstraints>
<use>1</use>
<logicalDatatype>LOGDT027</logicalDatatype>
<ownDataTypeParameters>,,</ownDataTypeParameters>
<autoIncrementCycle>false</autoIncrementCycle>
</Column>
<Column name="ds_plataforma" id="F12C7A68-F4A1-226C-C644-5DAD2BF9EDC5">
<createdBy>alex</createdBy>
<createdTime>2023-05-18 00:17:33 UTC</createdTime>
<generatorID>6CE293A7-CB32-4FE9-4E87-24E02BB8F02A</generatorID>
<ownerDesignName>EasyCarros</ownerDesignName>
<useDomainConstraints>false</useDomainConstraints>
<use>1</use>
<logicalDatatype>LOGDT024</logicalDatatype>
<dataTypeSize>150 CHAR</dataTypeSize>
<ownDataTypeParameters>150 CHAR,,</ownDataTypeParameters>
<autoIncrementCycle>false</autoIncrementCycle>
</Column>
</columns>
<indexes itemClass="oracle.dbtools.crest.model.design.relational.Index">
<ind_PK_UK id="78545F90-8730-B0C4-BF63-2DB89F5E40CF" name="T_PLATAFORMA_PK">
<createdBy>alex</createdBy>
<createdTime>2023-05-18 00:17:33 UTC</createdTime>
<generatorID>EA16245A-B72B-197D-27D5-1731FCA684EF</generatorID>
<ownerDesignName>EasyCarros</ownerDesignName>
<pk>true</pk>
<indexState>Primary Constraint</indexState>
<isSurrogateKey>false</isSurrogateKey>
<indexColumnUsage>
<colUsage columnID="3936DE99-00B2-FF85-1AE2-178F610933BF"/>
</indexColumnUsage>
</ind_PK_UK>
</indexes>
</Table>