<?xml version = '1.0' encoding = 'UTF-8'?>
<Diagram class="oracle.dbtools.crest.swingui.logical.DPVLogical" name="Logical" id="C1CD1621-7C9A-3729-34C3-211D2B66FE3F">
<createdBy>alex</createdBy>
<modifiedBy>alex</modifiedBy>
<createdTime>2023-05-17 22:53:50 UTC</createdTime>
<autoRoute>false</autoRoute>
<boxInbox>true</boxInbox>
<showLegend>false</showLegend>
<showLabels>false</showLabels>
<showRelAttributes>false</showRelAttributes>
<gridEnabled>false</gridEnabled>
<showGrid>false</showGrid>
<diagramColor>-1</diagramColor>
<display>false</display>
<notation>1</notation>
<objectViews>
<OView class="oracle.dbtools.crest.swingui.logical.TVEntity" oid="09A4DB53-B20B-5BA0-0497-791F07C57B22" otype="Entity" vid="A89BCCB8-F24C-0AB7-7003-46AE109638B4">
<hideElementsInCurrentOnly>false</hideElementsInCurrentOnly>
<bounds x="1425" y="211" width="170" height="110"/>
</OView>
<OView class="oracle.dbtools.crest.swingui.logical.TVEntity" oid="4B4E3CD5-C95D-185D-3858-8B2A302A8841" otype="Entity" vid="0DCF24EE-F2B9-E4BC-2C8D-2A664C8D15B5">
<hideElementsInCurrentOnly>false</hideElementsInCurrentOnly>
<bounds x="6" y="6" width="290" height="133"/>
</OView>
<OView class="oracle.dbtools.crest.swingui.logical.TVEntity" oid="52A99454-285B-2B3E-E29E-90BE49289AD2" otype="Entity" vid="92CBBB75-DA8B-57C4-C9E6-FF6A684D8F1A">
<hideElementsInCurrentOnly>false</hideElementsInCurrentOnly>
<bounds x="3" y="315" width="271" height="110"/>
</OView>
<OView class="oracle.dbtools.crest.swingui.logical.TVEntity" oid="58B13E65-9564-B142-69A9-604903BA744D" otype="Entity" vid="0D085643-3F54-C319-B79E-AF96AAB48BD7">
<hideElementsInCurrentOnly>false</hideElementsInCurrentOnly>
<bounds x="741" y="750" width="209" height="110"/>
</OView>
<OView class="oracle.dbtools.crest.swingui.logical.TVEntity" oid="62BEE390-7F89-A33D-CC91-DB576384251C" otype="Entity" vid="1B004025-688B-3412-B389-1C8AAE6D8AEF">
<hideElementsInCurrentOnly>false</hideElementsInCurrentOnly>
<bounds x="720" y="23" width="216" height="170"/>
</OView>
<OView class="oracle.dbtools.crest.swingui.logical.TVEntity" oid="63B9A5B6-8F9E-7956-9F39-5720403BD293" otype="Entity" vid="EAC4CB56-3C91-5706-3077-00759F53E2BE">
<hideElementsInCurrentOnly>false</hideElementsInCurrentOnly>
<bounds x="1056" y="749" width="223" height="110"/>
</OView>
<OView class="oracle.dbtools.crest.swingui.logical.TVEntity" oid="643055E4-CBC0-1C8D-ED25-AE9A8FB0B327" otype="Entity" vid="D65B1933-21F2-EDF7-9DF4-3E240BDE1432">
<hideElementsInCurrentOnly>false</hideElementsInCurrentOnly>
<bounds x="60" y="455" width="216" height="110"/>
</OView>
<OView class="oracle.dbtools.crest.swingui.logical.TVEntity" oid="67228A61-8B40-9C22-5CB8-9E919768E078" otype="Entity" vid="73A926E4-9568-A4B8-1617-69DBC1B9A375">
<hideElementsInCurrentOnly>false</hideElementsInCurrentOnly>
<bounds x="775" y="227" width="170" height="233"/>
</OView>
<OView class="oracle.dbtools.crest.swingui.logical.TVEntity" oid="6CA87BDF-6E85-6708-4981-27BA10C6098C" otype="Entity" vid="862D2C45-B1AC-3A70-42B3-B37768FC3F49">
<hideElementsInCurrentOnly>false</hideElementsInCurrentOnly>
<bounds x="1414" y="360" width="215" height="110"/>
</OView>
<OView class="oracle.dbtools.crest.swingui.logical.TVEntity" oid="6CFF9DC9-D61F-BF4E-C593-E9ECCAC9D83C" otype="Entity" vid="47C69DF6-A018-B7F4-41AF-8D264BB7110B">
<hideElementsInCurrentOnly>false</hideElementsInCurrentOnly>
<bounds x="2" y="162" width="254" height="76"/>
</OView>
<OView class="oracle.dbtools.crest.swingui.logical.TVEntity" oid="7AFE8F64-DF6A-977F-3577-A989F1015545" otype="Entity" vid="0EFE383C-1EC3-1B16-555A-5BCBE5E3A0D2">
<hideElementsInCurrentOnly>false</hideElementsInCurrentOnly>
<bounds x="364" y="355" width="192" height="110"/>
</OView>
<OView class="oracle.dbtools.crest.swingui.logical.TVEntity" oid="923DF97F-96CC-80A5-F25A-4B6A4AC7CDFE" otype="Entity" vid="27C54BB6-227F-A875-E0FC-47234D8DAF9E">
<hideElementsInCurrentOnly>false</hideElementsInCurrentOnly>
<bounds x="1054" y="209" width="250" height="188"/>
</OView>
<OView class="oracle.dbtools.crest.swingui.logical.TVEntity" oid="AC706527-2BBD-DE85-3C50-63359B67D0C5" otype="Entity" vid="B40EFF1B-ADE9-2F42-75E3-789666DF205F">
<hideElementsInCurrentOnly>false</hideElementsInCurrentOnly>
<bounds x="382" y="27" width="227" height="78"/>
</OView>
<OView class="oracle.dbtools.crest.swingui.logical.TVEntity" oid="DA4DA8EF-F222-B727-D12E-13D95A05CFDA" otype="Entity" vid="AACC24B4-B260-A76B-0271-A56ED5DEFD7A">
<hideElementsInCurrentOnly>false</hideElementsInCurrentOnly>
<bounds x="349" y="190" width="241" height="134"/>
</OView>
<OView class="oracle.dbtools.crest.swingui.logical.TVEntity" oid="E714326E-791B-B6E9-8210-245F0F0A111F" otype="Entity" vid="CD6B70B8-FE64-1BBF-BF7E-26550AA1CF0A">
<hideElementsInCurrentOnly>false</hideElementsInCurrentOnly>
<bounds x="1015" y="24" width="247" height="110"/>
</OView>
<OView class="oracle.dbtools.crest.swingui.logical.TVEntity" oid="EFBD499B-6B63-8C63-7011-0792294A4C15" otype="Entity" vid="8FC81310-DA6D-FF08-4E9F-F73AABDBF10C">
<hideElementsInCurrentOnly>false</hideElementsInCurrentOnly>
<bounds x="896" y="588" width="287" height="110"/>
</OView>
<OView class="oracle.dbtools.crest.swingui.logical.TVEntity" oid="F71657D5-45E1-AF17-2908-27685342FC9A" otype="Entity" vid="A3C37008-9CFD-004C-9AAB-F6B23C159EBA">
<hideElementsInCurrentOnly>false</hideElementsInCurrentOnly>
<bounds x="620" y="589" width="220" height="110"/>
</OView>
</objectViews>
<connectors>
<Connector class="oracle.dbtools.crest.swingui.logical.TVRelation" oid="01DE9F65-886D-73FF-6B91-DE97B143D396" otype="Relation" vid_source="92CBBB75-DA8B-57C4-C9E6-FF6A684D8F1A" vid_target="AACC24B4-B260-A76B-0271-A56ED5DEFD7A">
<hideElementsInCurrentOnly>false</hideElementsInCurrentOnly>
<backgroundColor>-16777216</backgroundColor>
<lineWidth>1</lineWidth>
<points>
<point x="269" y="315"/>
<point x="269" y="285"/>
<point x="349" y="285"/>
</points>
</Connector>
<Connector class="oracle.dbtools.crest.swingui.logical.TVRelation" oid="08F80B1F-D78B-8E55-ACC8-00F9579B2464" otype="Relation" vid_source="8FC81310-DA6D-FF08-4E9F-F73AABDBF10C" vid_target="73A926E4-9568-A4B8-1617-69DBC1B9A375">
<hideElementsInCurrentOnly>false</hideElementsInCurrentOnly>
<backgroundColor>-16777216</backgroundColor>
<lineWidth>1</lineWidth>
<points>
<point x="920" y="588"/>
<point x="920" y="460"/>
</points>
</Connector>
<Connector class="oracle.dbtools.crest.swingui.logical.TVRelation" oid="19394D0C-8BB9-4629-621D-BB7D8B227F6F" otype="Relation" vid_source="B40EFF1B-ADE9-2F42-75E3-789666DF205F" vid_target="73A926E4-9568-A4B8-1617-69DBC1B9A375">
<hideElementsInCurrentOnly>false</hideElementsInCurrentOnly>
<backgroundColor>-16777216</backgroundColor>
<lineWidth>1</lineWidth>
<points>
<point x="609" y="89"/>
<point x="660" y="89"/>
<point x="660" y="279"/>
<point x="775" y="279"/>
</points>
</Connector>
<Connector class="oracle.dbtools.crest.swingui.logical.TVRelation" oid="1F093CD1-B43B-C358-D782-874E91E9442E" otype="Relation" vid_source="0D085643-3F54-C319-B79E-AF96AAB48BD7" vid_target="73A926E4-9568-A4B8-1617-69DBC1B9A375">
<hideElementsInCurrentOnly>false</hideElementsInCurrentOnly>
<backgroundColor>-16777216</backgroundColor>
<lineWidth>1</lineWidth>
<points>
<point x="860" y="750"/>
<point x="860" y="460"/>
</points>
</Connector>
<Connector class="oracle.dbtools.crest.swingui.logical.TVRelation" oid="21D58076-90AF-C69E-3F28-937F05AB03DE" otype="Relation" vid_source="862D2C45-B1AC-3A70-42B3-B37768FC3F49" vid_target="27C54BB6-227F-A875-E0FC-47234D8DAF9E">
<hideElementsInCurrentOnly>false</hideElementsInCurrentOnly>
<backgroundColor>-16777216</backgroundColor>
<lineWidth>1</lineWidth>
<points>
<point x="1414" y="379"/>
<point x="1362" y="379"/>
<point x="1304" y="379"/>
</points>
</Connector>
<Connector class="oracle.dbtools.crest.swingui.logical.TVRelation" oid="25A9CF6E-5BC0-F166-B4F5-DE3DEF408710" otype="Relation" vid_source="27C54BB6-227F-A875-E0FC-47234D8DAF9E" vid_target="73A926E4-9568-A4B8-1617-69DBC1B9A375">
<hideElementsInCurrentOnly>false</hideElementsInCurrentOnly>
<backgroundColor>-16777216</backgroundColor>
<lineWidth>1</lineWidth>
<points>
<point x="1054" y="312"/>
<point x="945" y="312"/>
</points>
</Connector>
<Connector class="oracle.dbtools.crest.swingui.logical.TVRelation" oid="3853430F-21B3-BFB7-413D-010342B9A306" otype="Relation" vid_source="A89BCCB8-F24C-0AB7-7003-46AE109638B4" vid_target="27C54BB6-227F-A875-E0FC-47234D8DAF9E">
<hideElementsInCurrentOnly>false</hideElementsInCurrentOnly>
<backgroundColor>-16777216</backgroundColor>
<lineWidth>1</lineWidth>
<points>
<point x="1425" y="266"/>
<point x="1304" y="266"/>
</points>
</Connector>
<Connector class="oracle.dbtools.crest.swingui.logical.TVRelation" oid="471270A5-E4E3-2F82-DF64-9D874499428D" otype="Relation" vid_source="B40EFF1B-ADE9-2F42-75E3-789666DF205F" vid_target="0EFE383C-1EC3-1B16-555A-5BCBE5E3A0D2">
<hideElementsInCurrentOnly>false</hideElementsInCurrentOnly>
<backgroundColor>-16777216</backgroundColor>
<lineWidth>1</lineWidth>
<points>
<point x="510" y="105"/>
<point x="510" y="145"/>
<point x="611" y="145"/>
<point x="609" y="396"/>
<point x="556" y="396"/>
</points>
</Connector>
<Connector class="oracle.dbtools.crest.swingui.logical.TVRelation" oid="4B3C9F3C-9A13-8E91-7888-769B36649610" otype="Relation" vid_source="47C69DF6-A018-B7F4-41AF-8D264BB7110B" vid_target="AACC24B4-B260-A76B-0271-A56ED5DEFD7A">
<hideElementsInCurrentOnly>false</hideElementsInCurrentOnly>
<backgroundColor>-16777216</backgroundColor>
<lineWidth>1</lineWidth>
<points>
<point x="256" y="229"/>
<point x="349" y="229"/>
</points>
</Connector>
<Connector class="oracle.dbtools.crest.swingui.logical.TVRelation" oid="5D576644-32B3-0EFA-4BEC-54F2D050872A" otype="Relation" vid_source="0DCF24EE-F2B9-E4BC-2C8D-2A664C8D15B5" vid_target="B40EFF1B-ADE9-2F42-75E3-789666DF205F">
<hideElementsInCurrentOnly>false</hideElementsInCurrentOnly>
<backgroundColor>-16777216</backgroundColor>
<lineWidth>1</lineWidth>
<points>
<point x="296" y="66"/>
<point x="382" y="66"/>
</points>
</Connector>
<Connector class="oracle.dbtools.crest.swingui.logical.TVRelation" oid="60D62A2D-661A-4BBE-63B8-9C0384B9A778" otype="Relation" vid_source="A3C37008-9CFD-004C-9AAB-F6B23C159EBA" vid_target="73A926E4-9568-A4B8-1617-69DBC1B9A375">
<hideElementsInCurrentOnly>false</hideElementsInCurrentOnly>
<backgroundColor>-16777216</backgroundColor>
<lineWidth>1</lineWidth>
<points>
<point x="801" y="589"/>
<point x="801" y="493"/>
<point x="801" y="460"/>
</points>
</Connector>
<Connector class="oracle.dbtools.crest.swingui.logical.TVRelation" oid="6C24D938-D4D7-D41A-38F2-E769E52E740C" otype="Relation" vid_source="CD6B70B8-FE64-1BBF-BF7E-26550AA1CF0A" vid_target="1B004025-688B-3412-B389-1C8AAE6D8AEF">
<hideElementsInCurrentOnly>false</hideElementsInCurrentOnly>
<backgroundColor>-16777216</backgroundColor>
<lineWidth>1</lineWidth>
<points>
<point x="1015" y="79"/>
<point x="936" y="79"/>
</points>
</Connector>
<Connector class="oracle.dbtools.crest.swingui.logical.TVRelation" oid="78BFB8B3-BE11-97AF-ABD8-994581039E22" otype="Relation" vid_source="EAC4CB56-3C91-5706-3077-00759F53E2BE" vid_target="0D085643-3F54-C319-B79E-AF96AAB48BD7">
<hideElementsInCurrentOnly>false</hideElementsInCurrentOnly>
<backgroundColor>-16777216</backgroundColor>
<lineWidth>1</lineWidth>
<points>
<point x="1056" y="789"/>
<point x="950" y="789"/>
</points>
</Connector>
<Connector class="oracle.dbtools.crest.swingui.logical.TVRelation" oid="8CF2E677-037A-12D7-BC25-0F955476A1E0" otype="Relation" vid_source="D65B1933-21F2-EDF7-9DF4-3E240BDE1432" vid_target="0EFE383C-1EC3-1B16-555A-5BCBE5E3A0D2">
<hideElementsInCurrentOnly>false</hideElementsInCurrentOnly>
<backgroundColor>-16777216</backgroundColor>
<lineWidth>1</lineWidth>
<points>
<point x="276" y="499"/>
<point x="386" y="499"/>
<point x="386" y="465"/>
</points>
</Connector>
<Connector class="oracle.dbtools.crest.swingui.logical.TVRelation" oid="BC525F51-870E-F5C0-7638-B57239D33322" otype="Relation" vid_source="B40EFF1B-ADE9-2F42-75E3-789666DF205F" vid_target="AACC24B4-B260-A76B-0271-A56ED5DEFD7A">
<hideElementsInCurrentOnly>false</hideElementsInCurrentOnly>
<backgroundColor>-16777216</backgroundColor>
<lineWidth>1</lineWidth>
<points>
<point x="471" y="105"/>
<point x="471" y="190"/>
</points>
</Connector>
<Connector class="oracle.dbtools.crest.swingui.logical.TVRelation" oid="D3AF4497-1C62-3256-7EF4-F8D290C8C604" otype="Relation" vid_source="B40EFF1B-ADE9-2F42-75E3-789666DF205F" vid_target="1B004025-688B-3412-B389-1C8AAE6D8AEF">
<hideElementsInCurrentOnly>false</hideElementsInCurrentOnly>
<backgroundColor>-16777216</backgroundColor>
<lineWidth>1</lineWidth>
<points>
<point x="609" y="66"/>
<point x="720" y="66"/>
</points>
</Connector>
</connectors>
</Diagram>