<?xml version = '1.0' encoding = 'UTF-8'?>
<FKIndexAssociation class="oracle.dbtools.crest.model.design.relational.FKIndexAssociation" directorySegmentName="seg_0" id="163F8B22-ADD6-AC6F-93BD-DA5B3BC46F0B" containerWithKeyObject="0F2E1208-1355-1BC9-D211-1F1032CF3899" localFKIndex="E7F53C15-A4D6-4F9C-65E5-708D70339A2C" name="T_DOC_T_IMG_FK">
<createdBy>alex</createdBy>
<createdTime>2023-05-18 00:17:33 UTC</createdTime>
<generatorID>01DE9F65-886D-73FF-6B91-DE97B143D396</generatorID>
<ownerDesignName>EasyCarros</ownerDesignName>
<referredTableLongName>T_IMAGEM</referredTableLongName>
<deleteRule>NO ACTION</deleteRule>
<referredTableID>F92FC0CB-2572-7B9E-61AF-2546A9F43CF2</referredTableID>
<keyObject>275B9CBD-4E4B-573A-D6AE-69EA4BBA2BCC</keyObject>
<referredKeyID>275B9CBD-4E4B-573A-D6AE-69EA4BBA2BCC</referredKeyID>
<mandatory>false</mandatory>
<refColNames>cd_imagem</refColNames>
<transferable>true</transferable>
<rely>false</rely>
<columnDependencyConstraintGenerateInDDL>true</columnDependencyConstraintGenerateInDDL>
</FKIndexAssociation>