<?xml version = '1.0' encoding = 'UTF-8'?>
<FKIndexAssociation class="oracle.dbtools.crest.model.design.relational.FKIndexAssociation" directorySegmentName="seg_0" id="3E2000E2-4BC2-A564-C900-DE5CEEF33D12" containerWithKeyObject="4BE86C58-3313-5059-5F3C-6A4023F87D04" localFKIndex="A7FCFD0F-56FC-6B27-F1D6-501A413715D3" name="T_END_T_TP_LOGR_FK">
<createdBy>alex</createdBy>
<createdTime>2023-05-18 00:17:33 UTC</createdTime>
<generatorID>6C24D938-D4D7-D41A-38F2-E769E52E740C</generatorID>
<ownerDesignName>EasyCarros</ownerDesignName>
<referredTableLongName>T_TIPO_LOGRADOURO</referredTableLongName>
<deleteRule>NO ACTION</deleteRule>
<referredTableID>289D260A-5837-1E90-33B5-AABDD7ABFA22</referredTableID>
<keyObject>FEA1BF5D-C978-9F3C-8DC3-468B323DC6F0</keyObject>
<referredKeyID>FEA1BF5D-C978-9F3C-8DC3-468B323DC6F0</referredKeyID>
<mandatory>true</mandatory>
<refColNames>cd_tipo_logradouro</refColNames>
<transferable>true</transferable>
<rely>false</rely>
<columnDependencyConstraintGenerateInDDL>true</columnDependencyConstraintGenerateInDDL>
</FKIndexAssociation>