<?xml version = '1.0' encoding = 'UTF-8'?>
<FKIndexAssociation class="oracle.dbtools.crest.model.design.relational.FKIndexAssociation" directorySegmentName="seg_0" id="51616FE4-11D7-94DB-EBF4-B831EF8F2B17" containerWithKeyObject="4BE86C58-3313-5059-5F3C-6A4023F87D04" localFKIndex="93D80E4C-8C32-8998-C427-57F46A0BFE96" name="T_END_T_PES_FK">
<createdBy>alex</createdBy>
<createdTime>2023-05-18 00:17:33 UTC</createdTime>
<generatorID>D3AF4497-1C62-3256-7EF4-F8D290C8C604</generatorID>
<ownerDesignName>EasyCarros</ownerDesignName>
<referredTableLongName>T_PESSOA</referredTableLongName>
<deleteRule>NO ACTION</deleteRule>
<referredTableID>17471851-5185-B588-CFE0-EEF4AD6B511F</referredTableID>
<keyObject>9E8734BB-61DF-6066-7218-3AC86AEA2771</keyObject>
<referredKeyID>9E8734BB-61DF-6066-7218-3AC86AEA2771</referredKeyID>
<mandatory>true</mandatory>
<refColNames>cd_pessoa</refColNames>
<transferable>true</transferable>
<rely>false</rely>
<columnDependencyConstraintGenerateInDDL>true</columnDependencyConstraintGenerateInDDL>
</FKIndexAssociation>