<?xml version = '1.0' encoding = 'UTF-8'?>
<FKIndexAssociation class="oracle.dbtools.crest.model.design.relational.FKIndexAssociation" directorySegmentName="seg_0" id="5B16C3D3-C10D-CFA8-BD78-E160CE001B7A" containerWithKeyObject="AD850430-0568-944A-F215-8BE67A913E9F" localFKIndex="5C8EE2D0-B6CE-D436-9E54-E75ADBA0B10A" name="T_MODELO_T_PLATAFORMA_FK">
<createdBy>alex</createdBy>
<createdTime>2023-05-18 00:17:33 UTC</createdTime>
<generatorID>21D58076-90AF-C69E-3F28-937F05AB03DE</generatorID>
<ownerDesignName>EasyCarros</ownerDesignName>
<referredTableLongName>T_PLATAFORMA</referredTableLongName>
<deleteRule>NO ACTION</deleteRule>
<referredTableID>E497219F-CF0B-D7F4-B8CD-A89802EEC527</referredTableID>
<keyObject>78545F90-8730-B0C4-BF63-2DB89F5E40CF</keyObject>
<referredKeyID>78545F90-8730-B0C4-BF63-2DB89F5E40CF</referredKeyID>
<mandatory>true</mandatory>
<refColNames>cd_plataforma</refColNames>
<transferable>true</transferable>
<rely>false</rely>
<columnDependencyConstraintGenerateInDDL>true</columnDependencyConstraintGenerateInDDL>
</FKIndexAssociation>