<?xml version = '1.0' encoding = 'UTF-8'?>
<FKIndexAssociation class="oracle.dbtools.crest.model.design.relational.FKIndexAssociation" directorySegmentName="seg_0" id="77227AC2-5B17-BF10-A50E-7823EB5B9233" containerWithKeyObject="0F2E1208-1355-1BC9-D211-1F1032CF3899" localFKIndex="809055BF-71D6-71B2-FD2A-1C9FC61FF3F7" name="T_DOC_T_TP_DOC_FK">
<createdBy>alex</createdBy>
<createdTime>2023-05-18 00:17:33 UTC</createdTime>
<generatorID>4B3C9F3C-9A13-8E91-7888-769B36649610</generatorID>
<ownerDesignName>EasyCarros</ownerDesignName>
<referredTableLongName>T_TIPO_DOCUMENTO</referredTableLongName>
<deleteRule>NO ACTION</deleteRule>
<referredTableID>5585AE0B-31B0-7E6A-8BF7-2ECEFF41D4ED</referredTableID>
<keyObject>CC75EF3F-18A7-2A98-A9D0-B60F81FC7E03</keyObject>
<referredKeyID>CC75EF3F-18A7-2A98-A9D0-B60F81FC7E03</referredKeyID>
<mandatory>true</mandatory>
<refColNames>cd_tipo_documento</refColNames>
<transferable>true</transferable>
<rely>false</rely>
<columnDependencyConstraintGenerateInDDL>true</columnDependencyConstraintGenerateInDDL>
</FKIndexAssociation>