<?xml version = '1.0' encoding = 'UTF-8'?>
<FKIndexAssociation class="oracle.dbtools.crest.model.design.relational.FKIndexAssociation" directorySegmentName="seg_0" id="808AC934-C22F-626C-A8B6-61F434E0496A" containerWithKeyObject="D89F4DCD-2724-FEAC-49BE-10F635614F68" localFKIndex="F35A420F-7FBF-13E5-7E40-B59E3EDA03DB" name="T_USUARIO_T_PESSOA_FK">
<createdBy>alex</createdBy>
<createdTime>2023-05-18 00:17:33 UTC</createdTime>
<generatorID>5D576644-32B3-0EFA-4BEC-54F2D050872A</generatorID>
<ownerDesignName>EasyCarros</ownerDesignName>
<referredTableLongName>T_PESSOA</referredTableLongName>
<deleteRule>NO ACTION</deleteRule>
<referredTableID>17471851-5185-B588-CFE0-EEF4AD6B511F</referredTableID>
<keyObject>9E8734BB-61DF-6066-7218-3AC86AEA2771</keyObject>
<referredKeyID>9E8734BB-61DF-6066-7218-3AC86AEA2771</referredKeyID>
<mandatory>true</mandatory>
<refColNames>cd_pessoa</refColNames>
<transferable>true</transferable>
<rely>false</rely>
<columnDependencyConstraintGenerateInDDL>true</columnDependencyConstraintGenerateInDDL>
</FKIndexAssociation>