<?xml version = '1.0' encoding = 'UTF-8'?>
<FKIndexAssociation class="oracle.dbtools.crest.model.design.relational.FKIndexAssociation" directorySegmentName="seg_0" id="B31EAA2E-2334-B99D-3940-573D09A07650" containerWithKeyObject="0F2E1208-1355-1BC9-D211-1F1032CF3899" localFKIndex="9CAA42C7-4062-2C50-76AD-B96A7235CF64" name="T_DOC_T_PES_FK">
<createdBy>alex</createdBy>
<createdTime>2023-05-18 00:17:33 UTC</createdTime>
<generatorID>BC525F51-870E-F5C0-7638-B57239D33322</generatorID>
<ownerDesignName>EasyCarros</ownerDesignName>
<referredTableLongName>T_PESSOA</referredTableLongName>
<deleteRule>NO ACTION</deleteRule>
<referredTableID>17471851-5185-B588-CFE0-EEF4AD6B511F</referredTableID>
<keyObject>9E8734BB-61DF-6066-7218-3AC86AEA2771</keyObject>
<referredKeyID>9E8734BB-61DF-6066-7218-3AC86AEA2771</referredKeyID>
<mandatory>true</mandatory>
<refColNames>cd_pessoa</refColNames>
<transferable>true</transferable>
<rely>false</rely>
<columnDependencyConstraintGenerateInDDL>true</columnDependencyConstraintGenerateInDDL>
</FKIndexAssociation>