<?xml version = '1.0' encoding = 'UTF-8'?>
<FKIndexAssociation class="oracle.dbtools.crest.model.design.relational.FKIndexAssociation" directorySegmentName="seg_0" id="B73DDA42-00A5-528D-C881-F80C07C4EF13" containerWithKeyObject="A72C00F3-A19A-2525-8BF6-AB68235AD8A7" localFKIndex="6DBC28E5-AA6E-75C3-4515-0F60D5A9BA48" name="T_LOC_T_PES_FK">
<createdBy>alex</createdBy>
<createdTime>2023-05-18 22:38:57 UTC</createdTime>
<generatorID>19394D0C-8BB9-4629-621D-BB7D8B227F6F</generatorID>
<ownerDesignName>EasyCarros</ownerDesignName>
<referredTableLongName>T_PESSOA</referredTableLongName>
<deleteRule>NO ACTION</deleteRule>
<referredTableID>17471851-5185-B588-CFE0-EEF4AD6B511F</referredTableID>
<keyObject>9E8734BB-61DF-6066-7218-3AC86AEA2771</keyObject>
<referredKeyID>9E8734BB-61DF-6066-7218-3AC86AEA2771</referredKeyID>
<mandatory>true</mandatory>
<refColNames>cd_pessoa</refColNames>
<transferable>true</transferable>
<rely>false</rely>
<columnDependencyConstraintGenerateInDDL>true</columnDependencyConstraintGenerateInDDL>
</FKIndexAssociation>