<?xml version = '1.0' encoding = 'UTF-8'?>
<FKIndexAssociation class="oracle.dbtools.crest.model.design.relational.FKIndexAssociation" directorySegmentName="seg_0" id="E1B75F3E-35ED-965E-41C4-B4265DD978A4" containerWithKeyObject="A72C00F3-A19A-2525-8BF6-AB68235AD8A7" localFKIndex="9CAC6F95-DEB2-C3BD-4D1A-82D7D42B0234" name="T_LOC_T_MODEL_FK">
<createdBy>alex</createdBy>
<createdTime>2023-05-18 22:38:57 UTC</createdTime>
<generatorID>25A9CF6E-5BC0-F166-B4F5-DE3DEF408710</generatorID>
<ownerDesignName>EasyCarros</ownerDesignName>
<referredTableLongName>T_MODELO</referredTableLongName>
<deleteRule>NO ACTION</deleteRule>
<referredTableID>AD850430-0568-944A-F215-8BE67A913E9F</referredTableID>
<keyObject>24B0E7B7-CC31-DEF8-A4FD-A6E84B25DCC8</keyObject>
<referredKeyID>24B0E7B7-CC31-DEF8-A4FD-A6E84B25DCC8</referredKeyID>
<mandatory>true</mandatory>
<refColNames>cd_modelo</refColNames>
<transferable>true</transferable>
<rely>false</rely>
<columnDependencyConstraintGenerateInDDL>true</columnDependencyConstraintGenerateInDDL>
</FKIndexAssociation>