<?xml version = '1.0' encoding = 'UTF-8'?>
<FKIndexAssociation class="oracle.dbtools.crest.model.design.relational.FKIndexAssociation" directorySegmentName="seg_0" id="F6AED26B-8D05-1A26-566C-09208E3E41B2" containerWithKeyObject="AD850430-0568-944A-F215-8BE67A913E9F" localFKIndex="63513CBA-1C98-73CB-3A15-983B76776AA9" name="T_MODELO_T_MARCA_FK">
<createdBy>alex</createdBy>
<createdTime>2023-05-18 00:17:33 UTC</createdTime>
<generatorID>3853430F-21B3-BFB7-413D-010342B9A306</generatorID>
<ownerDesignName>EasyCarros</ownerDesignName>
<referredTableLongName>T_MARCA</referredTableLongName>
<deleteRule>NO ACTION</deleteRule>
<referredTableID>E6727DBC-75F7-2BF2-6E54-DE4D72F1040B</referredTableID>
<keyObject>9F89BD0D-1C19-0E91-1810-5573A5ADA82B</keyObject>
<referredKeyID>9F89BD0D-1C19-0E91-1810-5573A5ADA82B</referredKeyID>
<mandatory>true</mandatory>
<refColNames>cd_marca</refColNames>
<transferable>true</transferable>
<rely>false</rely>
<columnDependencyConstraintGenerateInDDL>true</columnDependencyConstraintGenerateInDDL>
</FKIndexAssociation>