<?xml version = '1.0' encoding = 'UTF-8'?>
<FKIndexAssociation class="oracle.dbtools.crest.model.design.relational.FKIndexAssociation" directorySegmentName="seg_0" id="FB3009EE-C1AC-0945-6FB1-5A070ADF3E96" containerWithKeyObject="0B357CA3-8126-2582-6507-4AA39CFC053F" localFKIndex="686FFCE5-341A-BBA1-0C06-D84C7F472981" name="T_TEL_T_PES_FK">
<createdBy>alex</createdBy>
<createdTime>2023-05-18 00:17:33 UTC</createdTime>
<generatorID>471270A5-E4E3-2F82-DF64-9D874499428D</generatorID>
<ownerDesignName>EasyCarros</ownerDesignName>
<referredTableLongName>T_PESSOA</referredTableLongName>
<deleteRule>NO ACTION</deleteRule>
<referredTableID>17471851-5185-B588-CFE0-EEF4AD6B511F</referredTableID>
<keyObject>9E8734BB-61DF-6066-7218-3AC86AEA2771</keyObject>
<referredKeyID>9E8734BB-61DF-6066-7218-3AC86AEA2771</referredKeyID>
<mandatory>true</mandatory>
<refColNames>cd_pessoa</refColNames>
<transferable>true</transferable>
<rely>false</rely>
<columnDependencyConstraintGenerateInDDL>true</columnDependencyConstraintGenerateInDDL>
</FKIndexAssociation>