<?xml version = '1.0' encoding = 'UTF-8'?>
<Diagram class="oracle.dbtools.crest.swingui.logical.DPVLogical" name="Logical" id="C1CD1621-7C9A-3729-34C3-211D2B66FE3F">
<createdBy>alex</createdBy>
<modifiedBy>alex</modifiedBy>
<createdTime>2023-05-17 22:53:50 UTC</createdTime>
<autoRoute>false</autoRoute>
<boxInbox>true</boxInbox>
<showLegend>false</showLegend>
<showLabels>false</showLabels>
<showRelAttributes>false</showRelAttributes>
<gridEnabled>false</gridEnabled>
<showGrid>false</showGrid>
<diagramColor>-1</diagramColor>
<display>false</display>
<notation>1</notation>
<objectViews>
<OView class="oracle.dbtools.crest.swingui.logical.TVEntity" oid="09A4DB53-B20B-5BA0-0497-791F07C57B22" otype="Entity" vid="A89BCCB8-F24C-0AB7-7003-46AE109638B4">
<hideElementsInCurrentOnly>false</hideElementsInCurrentOnly>
<bounds x="1425" y="188" width="170" height="132"/>
</OView>
<OView class="oracle.dbtools.crest.swingui.logical.TVEntity" oid="1578B05E-A53A-7A0F-6081-CB436C817963" otype="Entity" vid="E80CB675-8E56-FE2A-5066-8BB0693522C2">
<hideElementsInCurrentOnly>false</hideElementsInCurrentOnly>
<bounds x="698" y="633" width="235" height="176"/>
</OView>
<OView class="oracle.dbtools.crest.swingui.logical.TVEntity" oid="4B4E3CD5-C95D-185D-3858-8B2A302A8841" otype="Entity" vid="0DCF24EE-F2B9-E4BC-2C8D-2A664C8D15B5">
<hideElementsInCurrentOnly>false</hideElementsInCurrentOnly>
<bounds x="6" y="6" width="290" height="180"/>
</OView>
<OView class="oracle.dbtools.crest.swingui.logical.TVEntity" oid="52A99454-285B-2B3E-E29E-90BE49289AD2" otype="Entity" vid="92CBBB75-DA8B-57C4-C9E6-FF6A684D8F1A">
<hideElementsInCurrentOnly>false</hideElementsInCurrentOnly>
<bounds x="3" y="315" width="271" height="184"/>
</OView>
<OView class="oracle.dbtools.crest.swingui.logical.TVEntity" oid="62BEE390-7F89-A33D-CC91-DB576384251C" otype="Entity" vid="1B004025-688B-3412-B389-1C8AAE6D8AEF">
<hideElementsInCurrentOnly>false</hideElementsInCurrentOnly>
<bounds x="779" y="62" width="216" height="195"/>
</OView>
<OView class="oracle.dbtools.crest.swingui.logical.TVEntity" oid="67228A61-8B40-9C22-5CB8-9E919768E078" otype="Entity" vid="73A926E4-9568-A4B8-1617-69DBC1B9A375">
<hideElementsInCurrentOnly>false</hideElementsInCurrentOnly>
<bounds x="698" y="277" width="272" height="258"/>
</OView>
<OView class="oracle.dbtools.crest.swingui.logical.TVEntity" oid="7AFE8F64-DF6A-977F-3577-A989F1015545" otype="Entity" vid="0EFE383C-1EC3-1B16-555A-5BCBE5E3A0D2">
<hideElementsInCurrentOnly>false</hideElementsInCurrentOnly>
<bounds x="363" y="622" width="192" height="118"/>
</OView>
<OView class="oracle.dbtools.crest.swingui.logical.TVEntity" oid="8FF1BABC-273E-C995-66D4-E63B2AE0B62A" otype="Entity" vid="9F8C9438-47B2-4842-B188-F51D959EA340">
<hideElementsInCurrentOnly>false</hideElementsInCurrentOnly>
<bounds x="1074" y="612" width="170" height="110"/>
</OView>
<OView class="oracle.dbtools.crest.swingui.logical.TVEntity" oid="923DF97F-96CC-80A5-F25A-4B6A4AC7CDFE" otype="Entity" vid="27C54BB6-227F-A875-E0FC-47234D8DAF9E">
<hideElementsInCurrentOnly>false</hideElementsInCurrentOnly>
<bounds x="1054" y="134" width="250" height="280"/>
</OView>
<OView class="oracle.dbtools.crest.swingui.logical.TVEntity" oid="AC706527-2BBD-DE85-3C50-63359B67D0C5" otype="Entity" vid="B40EFF1B-ADE9-2F42-75E3-789666DF205F">
<hideElementsInCurrentOnly>false</hideElementsInCurrentOnly>
<bounds x="376" y="130" width="227" height="78"/>
</OView>
<OView class="oracle.dbtools.crest.swingui.logical.TVEntity" oid="DA4DA8EF-F222-B727-D12E-13D95A05CFDA" otype="Entity" vid="AACC24B4-B260-A76B-0271-A56ED5DEFD7A">
<hideElementsInCurrentOnly>false</hideElementsInCurrentOnly>
<bounds x="346" y="314" width="241" height="195"/>
</OView>
</objectViews>
<connectors>
<Connector class="oracle.dbtools.crest.swingui.logical.TVRelation" oid="01DE9F65-886D-73FF-6B91-DE97B143D396" otype="Relation" vid_source="92CBBB75-DA8B-57C4-C9E6-FF6A684D8F1A" vid_target="AACC24B4-B260-A76B-0271-A56ED5DEFD7A">
<hideElementsInCurrentOnly>false</hideElementsInCurrentOnly>
<backgroundColor>-16777216</backgroundColor>
<lineWidth>1</lineWidth>
<points>
<point x="274" y="352"/>
<point x="303" y="352"/>
<point x="346" y="352"/>
</points>
</Connector>
<Connector class="oracle.dbtools.crest.swingui.logical.TVRelation" oid="19394D0C-8BB9-4629-621D-BB7D8B227F6F" otype="Relation" vid_source="B40EFF1B-ADE9-2F42-75E3-789666DF205F" vid_target="73A926E4-9568-A4B8-1617-69DBC1B9A375">
<hideElementsInCurrentOnly>false</hideElementsInCurrentOnly>
<backgroundColor>-16777216</backgroundColor>
<lineWidth>1</lineWidth>
<points>
<point x="603" y="196"/>
<point x="659" y="196"/>
<point x="660" y="279"/>
<point x="698" y="279"/>
</points>
</Connector>
<Connector class="oracle.dbtools.crest.swingui.logical.TVRelation" oid="22A19FA7-2111-1FD5-B29D-B3C74656B05A" otype="Relation" vid_source="0DCF24EE-F2B9-E4BC-2C8D-2A664C8D15B5" vid_target="92CBBB75-DA8B-57C4-C9E6-FF6A684D8F1A">
<hideElementsInCurrentOnly>false</hideElementsInCurrentOnly>
<backgroundColor>-16777216</backgroundColor>
<lineWidth>1</lineWidth>
<points>
<point x="140" y="186"/>
<point x="140" y="315"/>
</points>
</Connector>
<Connector class="oracle.dbtools.crest.swingui.logical.TVRelation" oid="25A9CF6E-5BC0-F166-B4F5-DE3DEF408710" otype="Relation" vid_source="27C54BB6-227F-A875-E0FC-47234D8DAF9E" vid_target="73A926E4-9568-A4B8-1617-69DBC1B9A375">
<hideElementsInCurrentOnly>false</hideElementsInCurrentOnly>
<backgroundColor>-16777216</backgroundColor>
<lineWidth>1</lineWidth>
<points>
<point x="1054" y="345"/>
<point x="970" y="345"/>
</points>
</Connector>
<Connector class="oracle.dbtools.crest.swingui.logical.TVRelation" oid="28863E45-C20D-FE81-C752-CCB811368202" otype="Relation" vid_source="0DCF24EE-F2B9-E4BC-2C8D-2A664C8D15B5" vid_target="27C54BB6-227F-A875-E0FC-47234D8DAF9E">
<hideElementsInCurrentOnly>false</hideElementsInCurrentOnly>
<backgroundColor>-16777216</backgroundColor>
<lineWidth>1</lineWidth>
<points>
<point x="296" y="47"/>
<point x="1264" y="47"/>
<point x="1264" y="134"/>
</points>
</Connector>
<Connector class="oracle.dbtools.crest.swingui.logical.TVRelation" oid="3853430F-21B3-BFB7-413D-010342B9A306" otype="Relation" vid_source="A89BCCB8-F24C-0AB7-7003-46AE109638B4" vid_target="27C54BB6-227F-A875-E0FC-47234D8DAF9E">
<hideElementsInCurrentOnly>false</hideElementsInCurrentOnly>
<backgroundColor>-16777216</backgroundColor>
<lineWidth>1</lineWidth>
<points>
<point x="1425" y="295"/>
<point x="1304" y="294"/>
</points>
</Connector>
<Connector class="oracle.dbtools.crest.swingui.logical.TVRelation" oid="502C9D35-BB61-771C-8A2E-15D2DE3A4219" otype="Relation" vid_source="0DCF24EE-F2B9-E4BC-2C8D-2A664C8D15B5" vid_target="E80CB675-8E56-FE2A-5066-8BB0693522C2">
<hideElementsInCurrentOnly>false</hideElementsInCurrentOnly>
<backgroundColor>-16777216</backgroundColor>
<lineWidth>1</lineWidth>
<points>
<point x="18" y="186"/>
<point x="18" y="257"/>
<point x="279" y="256"/>
<point x="279" y="592"/>
<point x="719" y="597"/>
<point x="719" y="633"/>
</points>
</Connector>
<Connector class="oracle.dbtools.crest.swingui.logical.TVRelation" oid="5D576644-32B3-0EFA-4BEC-54F2D050872A" otype="Relation" vid_source="0DCF24EE-F2B9-E4BC-2C8D-2A664C8D15B5" vid_target="B40EFF1B-ADE9-2F42-75E3-789666DF205F">
<hideElementsInCurrentOnly>false</hideElementsInCurrentOnly>
<backgroundColor>-16777216</backgroundColor>
<lineWidth>1</lineWidth>
<points>
<point x="296" y="158"/>
<point x="376" y="158"/>
</points>
</Connector>
<Connector class="oracle.dbtools.crest.swingui.logical.TVRelation" oid="6ABDA552-E62B-2E45-BDAA-1DBEFCF82499" otype="Relation" vid_source="0DCF24EE-F2B9-E4BC-2C8D-2A664C8D15B5" vid_target="92CBBB75-DA8B-57C4-C9E6-FF6A684D8F1A">
<hideElementsInCurrentOnly>false</hideElementsInCurrentOnly>
<backgroundColor>-16777216</backgroundColor>
<lineWidth>1</lineWidth>
<points>
<point x="155" y="186"/>
<point x="155" y="315"/>
</points>
</Connector>
<Connector class="oracle.dbtools.crest.swingui.logical.TVRelation" oid="6FE58056-0D56-CA6E-9BCD-BC0D1825DCFF" otype="Relation" vid_source="E80CB675-8E56-FE2A-5066-8BB0693522C2" vid_target="9F8C9438-47B2-4842-B188-F51D959EA340">
<hideElementsInCurrentOnly>false</hideElementsInCurrentOnly>
<backgroundColor>-16777216</backgroundColor>
<lineWidth>1</lineWidth>
<points>
<point x="933" y="692"/>
<point x="1074" y="692"/>
</points>
</Connector>
<Connector class="oracle.dbtools.crest.swingui.logical.TVRelation" oid="797587B3-9179-FB5D-BCBA-15F127D8C7C7" otype="Relation" vid_source="0DCF24EE-F2B9-E4BC-2C8D-2A664C8D15B5" vid_target="AACC24B4-B260-A76B-0271-A56ED5DEFD7A">
<hideElementsInCurrentOnly>false</hideElementsInCurrentOnly>
<backgroundColor>-16777216</backgroundColor>
<lineWidth>1</lineWidth>
<points>
<point x="75" y="186"/>
<point x="75" y="229"/>
<point x="357" y="231"/>
<point x="357" y="314"/>
</points>
</Connector>
<Connector class="oracle.dbtools.crest.swingui.logical.TVRelation" oid="931A3DC4-EC46-84BE-9813-EB355CDBE41E" otype="Relation" vid_source="0DCF24EE-F2B9-E4BC-2C8D-2A664C8D15B5" vid_target="27C54BB6-227F-A875-E0FC-47234D8DAF9E">
<hideElementsInCurrentOnly>false</hideElementsInCurrentOnly>
<backgroundColor>-16777216</backgroundColor>
<lineWidth>1</lineWidth>
<points>
<point x="296" y="35"/>
<point x="1274" y="35"/>
<point x="1274" y="134"/>
</points>
</Connector>
<Connector class="oracle.dbtools.crest.swingui.logical.TVRelation" oid="A335D331-561C-0AB6-D44C-3383935A400F" otype="Relation" vid_source="0DCF24EE-F2B9-E4BC-2C8D-2A664C8D15B5" vid_target="AACC24B4-B260-A76B-0271-A56ED5DEFD7A">
<hideElementsInCurrentOnly>false</hideElementsInCurrentOnly>
<backgroundColor>-16777216</backgroundColor>
<lineWidth>1</lineWidth>
<points>
<point x="90" y="186"/>
<point x="90" y="216"/>
<point x="379" y="217"/>
<point x="379" y="314"/>
</points>
</Connector>
<Connector class="oracle.dbtools.crest.swingui.logical.TVRelation" oid="A92B537D-AF19-9D78-327F-2A1C09483CC8" otype="Relation" vid_source="0DCF24EE-F2B9-E4BC-2C8D-2A664C8D15B5" vid_target="E80CB675-8E56-FE2A-5066-8BB0693522C2">
<hideElementsInCurrentOnly>false</hideElementsInCurrentOnly>
<backgroundColor>-16777216</backgroundColor>
<lineWidth>1</lineWidth>
<points>
<point x="31" y="186"/>
<point x="31" y="241"/>
<point x="290" y="240"/>
<point x="291" y="575"/>
<point x="742" y="580"/>
<point x="742" y="633"/>
</points>
</Connector>
<Connector class="oracle.dbtools.crest.swingui.logical.TVRelation" oid="BC525F51-870E-F5C0-7638-B57239D33322" otype="Relation" vid_source="B40EFF1B-ADE9-2F42-75E3-789666DF205F" vid_target="AACC24B4-B260-A76B-0271-A56ED5DEFD7A">
<hideElementsInCurrentOnly>false</hideElementsInCurrentOnly>
<backgroundColor>-16777216</backgroundColor>
<lineWidth>1</lineWidth>
<points>
<point x="481" y="208"/>
<point x="481" y="314"/>
</points>
</Connector>
<Connector class="oracle.dbtools.crest.swingui.logical.TVRelation" oid="D3AF4497-1C62-3256-7EF4-F8D290C8C604" otype="Relation" vid_source="B40EFF1B-ADE9-2F42-75E3-789666DF205F" vid_target="1B004025-688B-3412-B389-1C8AAE6D8AEF">
<hideElementsInCurrentOnly>false</hideElementsInCurrentOnly>
<backgroundColor>-16777216</backgroundColor>
<lineWidth>1</lineWidth>
<points>
<point x="603" y="169"/>
<point x="779" y="169"/>
</points>
</Connector>
<Connector class="oracle.dbtools.crest.swingui.logical.TVRelation" oid="E3745CF1-BBB0-8082-3097-FF3FF69AA1EF" otype="Relation" vid_source="0DCF24EE-F2B9-E4BC-2C8D-2A664C8D15B5" vid_target="A89BCCB8-F24C-0AB7-7003-46AE109638B4">
<hideElementsInCurrentOnly>false</hideElementsInCurrentOnly>
<backgroundColor>-16777216</backgroundColor>
<lineWidth>1</lineWidth>
<points>
<point x="296" y="13"/>
<point x="1356" y="13"/>
<point x="1358" y="243"/>
<point x="1425" y="243"/>
</points>
</Connector>
<Connector class="oracle.dbtools.crest.swingui.logical.TVRelation" oid="F085ACA9-F70F-9BF0-1724-1C40A80C95F4" otype="Relation" vid_source="B40EFF1B-ADE9-2F42-75E3-789666DF205F" vid_target="0EFE383C-1EC3-1B16-555A-5BCBE5E3A0D2">
<hideElementsInCurrentOnly>false</hideElementsInCurrentOnly>
<backgroundColor>-16777216</backgroundColor>
<lineWidth>1</lineWidth>
<points>
<point x="527" y="208"/>
<point x="527" y="295"/>
<point x="610" y="295"/>
<point x="612" y="530"/>
<point x="534" y="529"/>
<point x="534" y="622"/>
</points>
</Connector>
<Connector class="oracle.dbtools.crest.swingui.logical.TVRelation" oid="F94171A4-88DE-17F7-E891-5B0EFD6AC7A2" otype="Relation" vid_source="73A926E4-9568-A4B8-1617-69DBC1B9A375" vid_target="9F8C9438-47B2-4842-B188-F51D959EA340">
<hideElementsInCurrentOnly>false</hideElementsInCurrentOnly>
<backgroundColor>-16777216</backgroundColor>
<lineWidth>1</lineWidth>
<points>
<point x="970" y="504"/>
<point x="1134" y="504"/>
<point x="1134" y="612"/>
</points>
</Connector>
<Connector class="oracle.dbtools.crest.swingui.logical.TVRelation" oid="FC3AA585-6B11-F9CF-1537-52EDEA7B5B8C" otype="Relation" vid_source="0DCF24EE-F2B9-E4BC-2C8D-2A664C8D15B5" vid_target="A89BCCB8-F24C-0AB7-7003-46AE109638B4">
<hideElementsInCurrentOnly>false</hideElementsInCurrentOnly>
<backgroundColor>-16777216</backgroundColor>
<lineWidth>1</lineWidth>
<points>
<point x="296" y="24"/>
<point x="1338" y="24"/>
<point x="1340" y="266"/>
<point x="1425" y="266"/>
</points>
</Connector>
</connectors>
</Diagram>