<?xml version = '1.0' encoding = 'UTF-8'?>
<Table class="oracle.dbtools.crest.model.design.relational.Table" directorySegmentName="seg_0" id="A01EB6C3-79F7-EDBF-7473-4E4D7F56663D" name="T_USUARIO">
<createdBy>Alex</createdBy>
<createdTime>2023-09-27 06:27:04 UTC</createdTime>
<generatorID>4B4E3CD5-C95D-185D-3858-8B2A302A8841</generatorID>
<ownerDesignName>EasyCarros</ownerDesignName>
<allowColumnReorder>false</allowColumnReorder>
<existDependencyGenerateInDDl>true</existDependencyGenerateInDDl>
<parsed>true</parsed>
<columns itemClass="oracle.dbtools.crest.model.design.relational.Column">
<Column name="cd_usuario" id="F86E69AC-5B19-459A-47E3-D0E4000A21F4">
<createdBy>Alex</createdBy>
<createdTime>2023-09-27 06:27:04 UTC</createdTime>
<generatorID>92276FC6-2EAF-D40C-1DF0-9047F193B9E7</generatorID>
<ownerDesignName>EasyCarros</ownerDesignName>
<useDomainConstraints>false</useDomainConstraints>
<use>1</use>
<logicalDatatype>LOGDT027</logicalDatatype>
<ownDataTypeParameters>,,</ownDataTypeParameters>
<autoIncrementCycle>false</autoIncrementCycle>
</Column>
<Column name="ds_email" id="E29AF51E-5C9F-18DF-B205-F63EB5EF8CCB">
<createdBy>Alex</createdBy>
<createdTime>2023-09-27 06:27:04 UTC</createdTime>
<generatorID>96E55AFE-D39A-205C-40DB-AE4B93A9F0DC</generatorID>
<ownerDesignName>EasyCarros</ownerDesignName>
<useDomainConstraints>false</useDomainConstraints>
<use>1</use>
<logicalDatatype>LOGDT024</logicalDatatype>
<dataTypeSize>150 CHAR</dataTypeSize>
<ownDataTypeParameters>150 CHAR,,</ownDataTypeParameters>
<autoIncrementCycle>false</autoIncrementCycle>
</Column>
<Column name="ds_senha" id="03B09B82-0CE2-D484-BCAD-0A76C20F9036">
<createdBy>Alex</createdBy>
<createdTime>2023-09-27 06:27:04 UTC</createdTime>
<generatorID>A1A690B3-E39B-5906-DB26-9A70098C52E8</generatorID>
<ownerDesignName>EasyCarros</ownerDesignName>
<useDomainConstraints>false</useDomainConstraints>
<use>1</use>
<logicalDatatype>LOGDT024</logicalDatatype>
<dataTypeSize>128 CHAR</dataTypeSize>
<ownDataTypeParameters>128 CHAR,,</ownDataTypeParameters>
<autoIncrementCycle>false</autoIncrementCycle>
</Column>
<Column name="ck_ativado" id="E3D314C8-D8C4-7A6B-235F-4916F2D369C6">
<createdBy>Alex</createdBy>
<createdTime>2023-09-27 06:27:04 UTC</createdTime>
<generatorID>1F7D1C64-FF36-D13A-31DD-1EBA725B9DEE</generatorID>
<ownerDesignName>EasyCarros</ownerDesignName>
<useDomainConstraints>false</useDomainConstraints>
<use>1</use>
<logicalDatatype>LOGDT006</logicalDatatype>
<dataTypeSize>1 CHAR</dataTypeSize>
<defaultValue>1</defaultValue>
<ownDataTypeParameters>1 CHAR,,</ownDataTypeParameters>
<autoIncrementCycle>false</autoIncrementCycle>
</Column>
<Column name="T_PESSOA_cd_pessoa" id="5CDA65D5-1CF9-0D38-89FD-309CC52947E1">
<createdBy>Alex</createdBy>
<createdTime>2023-09-27 06:27:04 UTC</createdTime>
<generatorID>EE28374B-147B-A3EC-FCF8-FB6658B08AA6</generatorID>
<ownerDesignName>EasyCarros</ownerDesignName>
<useDomainConstraints>false</useDomainConstraints>
<use>1</use>
<logicalDatatype>LOGDT027</logicalDatatype>
<ownDataTypeParameters>,,</ownDataTypeParameters>
<previousColumn>false</previousColumn>
<autoIncrementCycle>false</autoIncrementCycle>
<associations>
<colAssociation fkAssociation="D54F47C0-9100-5E93-494D-B1BE8C9E391E" referredColumn="48E981BF-44E2-CDE3-5E5C-80B13D052439"/>
</associations>
</Column>
<Column name="dt_hr_cadastro" id="12F7404C-BF5F-FD79-A3D2-F96BF818EA19">
<createdBy>Alex</createdBy>
<createdTime>2023-09-27 06:27:04 UTC</createdTime>
<generatorID>320A7123-FE0F-C8AA-7BAA-A72A55F7B61E</generatorID>
<ownerDesignName>EasyCarros</ownerDesignName>
<useDomainConstraints>false</useDomainConstraints>
<use>1</use>
<logicalDatatype>LOGDT008</logicalDatatype>
<ownDataTypeParameters>,,</ownDataTypeParameters>
<autoIncrementCycle>false</autoIncrementCycle>
</Column>
<Column name="dt_hr_ultima_atualizacao" id="675F4CEE-6C44-F49E-400A-16C6932FF693">
<createdBy>Alex</createdBy>
<createdTime>2023-09-27 06:27:04 UTC</createdTime>
<generatorID>060D750E-4097-5CCC-E8EA-EDA60B464731</generatorID>
<ownerDesignName>EasyCarros</ownerDesignName>
<nullsAllowed>true</nullsAllowed>
<useDomainConstraints>false</useDomainConstraints>
<use>1</use>
<logicalDatatype>LOGDT008</logicalDatatype>
<ownDataTypeParameters>,,</ownDataTypeParameters>
<autoIncrementCycle>false</autoIncrementCycle>
</Column>
<Column name="dt_hr_ultimo_login" id="679AE560-31B0-9AC8-9137-05183C3E0F7A">
<createdBy>Alex</createdBy>
<createdTime>2023-09-27 06:27:04 UTC</createdTime>
<generatorID>86E4E381-8FE4-EA3B-33EA-7A08763848D0</generatorID>
<ownerDesignName>EasyCarros</ownerDesignName>
<nullsAllowed>true</nullsAllowed>
<useDomainConstraints>false</useDomainConstraints>
<use>1</use>
<logicalDatatype>LOGDT008</logicalDatatype>
<ownDataTypeParameters>,,</ownDataTypeParameters>
<autoIncrementCycle>false</autoIncrementCycle>
</Column>
</columns>
<indexes itemClass="oracle.dbtools.crest.model.design.relational.Index">
<ind_PK_UK id="541C97ED-765E-851C-81C4-67ACEBA59635" name="T_USUARIO_PK">
<createdBy>Alex</createdBy>
<createdTime>2023-09-27 06:27:04 UTC</createdTime>
<generatorID>C5822C0F-0795-EA2C-F53A-28401E86B720</generatorID>
<ownerDesignName>EasyCarros</ownerDesignName>
<pk>true</pk>
<indexState>Primary Constraint</indexState>
<isSurrogateKey>false</isSurrogateKey>
<indexColumnUsage>
<colUsage columnID="F86E69AC-5B19-459A-47E3-D0E4000A21F4"/>
</indexColumnUsage>
</ind_PK_UK>
<ind_PK_UK id="FD69349F-80AA-AF85-E272-D3E277B211BE" name="T_USUARIO__IDX">
<createdBy>Alex</createdBy>
<createdTime>2023-09-27 06:27:04 UTC</createdTime>
<ownerDesignName>EasyCarros</ownerDesignName>
<indexState>Unique Plain Index</indexState>
<isSurrogateKey>false</isSurrogateKey>
<relationGeneratorID>5D576644-32B3-0EFA-4BEC-54F2D050872A</relationGeneratorID>
<indexColumnUsage>
<colUsage columnID="5CDA65D5-1CF9-0D38-89FD-309CC52947E1"/>
</indexColumnUsage>
</ind_PK_UK>
<ind_PK_UK id="4D9E0FF0-C5FC-A7AD-94AD-B7FAE9AD917F" name="T_USUARIO_T_PESSOA_FK">
<createdBy>Alex</createdBy>
<createdTime>2023-09-27 06:27:04 UTC</createdTime>
<generatorID>5D576644-32B3-0EFA-4BEC-54F2D050872A</generatorID>
<ownerDesignName>EasyCarros</ownerDesignName>
<indexState>Foreign Key</indexState>
<isSurrogateKey>false</isSurrogateKey>
<indexColumnUsage>
<colUsage columnID="5CDA65D5-1CF9-0D38-89FD-309CC52947E1"/>
</indexColumnUsage>
</ind_PK_UK>
</indexes>
</Table>