<?xml version = '1.0' encoding = 'UTF-8'?>
<Table class="oracle.dbtools.crest.model.design.relational.Table" directorySegmentName="seg_0" id="A2ACF109-1FCD-B711-3607-E9198846DCF9" name="T_LOCACAO_ACESSORIO">
<createdBy>Alex</createdBy>
<createdTime>2023-09-27 06:27:04 UTC</createdTime>
<generatorID>8FF1BABC-273E-C995-66D4-E63B2AE0B62A</generatorID>
<ownerDesignName>EasyCarros</ownerDesignName>
<allowColumnReorder>false</allowColumnReorder>
<existDependencyGenerateInDDl>true</existDependencyGenerateInDDl>
<parsed>true</parsed>
<columns itemClass="oracle.dbtools.crest.model.design.relational.Column">
<Column name="T_LOCACAO_cd_locacao" id="9444F638-0C29-0AC1-6B75-6D7FCA2F6D41">
<createdBy>Alex</createdBy>
<createdTime>2023-09-27 06:27:04 UTC</createdTime>
<generatorID>BD873BDB-02E5-85EB-B869-A094BC574934</generatorID>
<ownerDesignName>EasyCarros</ownerDesignName>
<useDomainConstraints>false</useDomainConstraints>
<use>1</use>
<logicalDatatype>LOGDT027</logicalDatatype>
<ownDataTypeParameters>,,</ownDataTypeParameters>
<previousColumn>false</previousColumn>
<autoIncrementCycle>false</autoIncrementCycle>
<associations>
<colAssociation fkAssociation="EF253D06-C089-26C9-6380-453A1A1521DF" referredColumn="EE0C3802-ADCE-F265-BE68-2C1724294B5E"/>
</associations>
</Column>
<Column name="T_ACESSORIO_cd_acessorio" id="DE64136F-4433-9090-96D7-A241DCE21E6A">
<createdBy>Alex</createdBy>
<createdTime>2023-09-27 06:27:04 UTC</createdTime>
<generatorID>AD11B8AC-15F5-E39A-2EAD-3E4BBDD2A65F</generatorID>
<ownerDesignName>EasyCarros</ownerDesignName>
<useDomainConstraints>false</useDomainConstraints>
<use>1</use>
<logicalDatatype>LOGDT027</logicalDatatype>
<ownDataTypeParameters>,,</ownDataTypeParameters>
<previousColumn>false</previousColumn>
<autoIncrementCycle>false</autoIncrementCycle>
<associations>
<colAssociation fkAssociation="919E5AD8-E20C-630B-0B39-86B56BA25E4D" referredColumn="F3F96F99-E1FD-0469-9970-4F0D3467CD90"/>
</associations>
</Column>
</columns>
<indexes itemClass="oracle.dbtools.crest.model.design.relational.Index">
<ind_PK_UK id="16404348-E487-429B-0BB3-E86D28BF2A9C" name="T_LOCACAO_ACESSORIO_PK">
<createdBy>Alex</createdBy>
<createdTime>2023-09-27 06:27:04 UTC</createdTime>
<generatorID>D88959FE-3969-6F85-D5A7-3E4BC47294DB</generatorID>
<ownerDesignName>EasyCarros</ownerDesignName>
<pk>true</pk>
<indexState>Primary Constraint</indexState>
<isSurrogateKey>false</isSurrogateKey>
<indexColumnUsage>
<colUsage columnID="9444F638-0C29-0AC1-6B75-6D7FCA2F6D41"/>
<colUsage columnID="DE64136F-4433-9090-96D7-A241DCE21E6A"/>
</indexColumnUsage>
</ind_PK_UK>
<ind_PK_UK id="04E0B265-0F67-EF37-E82F-1C29F9FF1E93" name="T_LOC_ACESS_T_ACESS_FK">
<createdBy>Alex</createdBy>
<createdTime>2023-09-27 06:27:04 UTC</createdTime>
<generatorID>6FE58056-0D56-CA6E-9BCD-BC0D1825DCFF</generatorID>
<ownerDesignName>EasyCarros</ownerDesignName>
<indexState>Foreign Key</indexState>
<isSurrogateKey>false</isSurrogateKey>
<indexColumnUsage>
<colUsage columnID="DE64136F-4433-9090-96D7-A241DCE21E6A"/>
</indexColumnUsage>
</ind_PK_UK>
<ind_PK_UK id="9CE2045D-2EC6-B357-539A-5C1F947FF034" name="T_LOC_ACESS_T_LOC_FK">
<createdBy>Alex</createdBy>
<createdTime>2023-09-27 06:27:04 UTC</createdTime>
<generatorID>F94171A4-88DE-17F7-E891-5B0EFD6AC7A2</generatorID>
<ownerDesignName>EasyCarros</ownerDesignName>
<indexState>Foreign Key</indexState>
<isSurrogateKey>false</isSurrogateKey>
<indexColumnUsage>
<colUsage columnID="9444F638-0C29-0AC1-6B75-6D7FCA2F6D41"/>
</indexColumnUsage>
</ind_PK_UK>
</indexes>
</Table>