<?xml version = '1.0' encoding = 'UTF-8'?>
<Table class="oracle.dbtools.crest.model.design.relational.Table" directorySegmentName="seg_0" id="FE80CF48-5FEF-F0E3-FB40-19FE650FD3ED" name="T_MARCA">
<createdBy>Alex</createdBy>
<createdTime>2023-09-27 06:27:04 UTC</createdTime>
<generatorID>09A4DB53-B20B-5BA0-0497-791F07C57B22</generatorID>
<ownerDesignName>EasyCarros</ownerDesignName>
<allowColumnReorder>false</allowColumnReorder>
<existDependencyGenerateInDDl>true</existDependencyGenerateInDDl>
<parsed>true</parsed>
<columns itemClass="oracle.dbtools.crest.model.design.relational.Column">
<Column name="cd_marca" id="68988C6E-CE01-5516-C098-E25A91F93D88">
<createdBy>Alex</createdBy>
<createdTime>2023-09-27 06:27:04 UTC</createdTime>
<generatorID>06A46799-3BF7-D58D-A4A9-925A91779BF8</generatorID>
<ownerDesignName>EasyCarros</ownerDesignName>
<useDomainConstraints>false</useDomainConstraints>
<use>1</use>
<logicalDatatype>LOGDT027</logicalDatatype>
<ownDataTypeParameters>,,</ownDataTypeParameters>
<autoIncrementCycle>false</autoIncrementCycle>
</Column>
<Column name="nm_marca" id="47AD6E9D-098F-7F86-DCBE-AEB3D8B935CF">
<createdBy>Alex</createdBy>
<createdTime>2023-09-27 06:27:04 UTC</createdTime>
<generatorID>B15AE3DE-6E82-2D3B-BCC6-DF472BF61398</generatorID>
<ownerDesignName>EasyCarros</ownerDesignName>
<useDomainConstraints>false</useDomainConstraints>
<use>1</use>
<logicalDatatype>LOGDT024</logicalDatatype>
<dataTypeSize>150 CHAR</dataTypeSize>
<ownDataTypeParameters>150 CHAR,,</ownDataTypeParameters>
<autoIncrementCycle>false</autoIncrementCycle>
</Column>
<Column name="dt_hr_criacao" id="D6849462-429C-B9DF-3B73-F4571D80C6A9">
<createdBy>Alex</createdBy>
<createdTime>2023-09-27 06:27:04 UTC</createdTime>
<generatorID>F45024BA-5D58-71BB-1FBB-0E30229AFD17</generatorID>
<ownerDesignName>EasyCarros</ownerDesignName>
<nullsAllowed>true</nullsAllowed>
<useDomainConstraints>false</useDomainConstraints>
<use>1</use>
<logicalDatatype>LOGDT008</logicalDatatype>
<ownDataTypeParameters>,,</ownDataTypeParameters>
<autoIncrementCycle>false</autoIncrementCycle>
</Column>
<Column name="dt_hr_atualizacao" id="B2339304-53BB-6493-826B-4C4BEBCCC7FB">
<createdBy>Alex</createdBy>
<createdTime>2023-09-27 06:27:04 UTC</createdTime>
<generatorID>F7BCE39D-B2FA-A5C7-5920-01BA59D32F3D</generatorID>
<ownerDesignName>EasyCarros</ownerDesignName>
<nullsAllowed>true</nullsAllowed>
<useDomainConstraints>false</useDomainConstraints>
<use>1</use>
<logicalDatatype>LOGDT008</logicalDatatype>
<ownDataTypeParameters>,,</ownDataTypeParameters>
<autoIncrementCycle>false</autoIncrementCycle>
</Column>
<Column name="T_USUARIO_cd_usuario2" id="C6588A71-916F-0642-F04D-5AB50FB6D567">
<createdBy>Alex</createdBy>
<createdTime>2023-09-27 06:27:04 UTC</createdTime>
<generatorID>C3368DA1-C94B-2043-3ADF-08FE9ED14700</generatorID>
<ownerDesignName>EasyCarros</ownerDesignName>
<useDomainConstraints>false</useDomainConstraints>
<use>1</use>
<logicalDatatype>LOGDT027</logicalDatatype>
<ownDataTypeParameters>,,</ownDataTypeParameters>
<previousColumn>false</previousColumn>
<autoIncrementCycle>false</autoIncrementCycle>
<associations>
<colAssociation fkAssociation="49772162-BF6C-0830-FE79-BBD67DED9A76" referredColumn="F86E69AC-5B19-459A-47E3-D0E4000A21F4"/>
</associations>
</Column>
<Column name="T_USUARIO_cd_usuario" id="5D912B95-8194-0C7D-E945-D93E2D4B5AE2">
<createdBy>Alex</createdBy>
<createdTime>2023-09-27 06:27:04 UTC</createdTime>
<generatorID>6BF1D71D-3810-9E6D-E7D7-CD94D57D8842</generatorID>
<ownerDesignName>EasyCarros</ownerDesignName>
<useDomainConstraints>false</useDomainConstraints>
<use>1</use>
<logicalDatatype>LOGDT027</logicalDatatype>
<ownDataTypeParameters>,,</ownDataTypeParameters>
<previousColumn>false</previousColumn>
<autoIncrementCycle>false</autoIncrementCycle>
<associations>
<colAssociation fkAssociation="D9EF48FC-D385-513C-2486-EEE652393C51" referredColumn="F86E69AC-5B19-459A-47E3-D0E4000A21F4"/>
</associations>
</Column>
</columns>
<indexes itemClass="oracle.dbtools.crest.model.design.relational.Index">
<ind_PK_UK id="A2285C4D-E037-72AD-AC44-BF639700647E" name="T_MARCA_PK">
<createdBy>Alex</createdBy>
<createdTime>2023-09-27 06:27:04 UTC</createdTime>
<generatorID>B846A431-00F5-088D-63F2-4159C2F6AF51</generatorID>
<ownerDesignName>EasyCarros</ownerDesignName>
<pk>true</pk>
<indexState>Primary Constraint</indexState>
<isSurrogateKey>false</isSurrogateKey>
<indexColumnUsage>
<colUsage columnID="68988C6E-CE01-5516-C098-E25A91F93D88"/>
</indexColumnUsage>
</ind_PK_UK>
<ind_PK_UK id="8BA2D2FC-2D47-3C7E-14D3-37E23F333FED" name="T_MARCA_T_USUARIO_FK">
<createdBy>Alex</createdBy>
<createdTime>2023-09-27 06:27:04 UTC</createdTime>
<generatorID>E3745CF1-BBB0-8082-3097-FF3FF69AA1EF</generatorID>
<ownerDesignName>EasyCarros</ownerDesignName>
<indexState>Foreign Key</indexState>
<isSurrogateKey>false</isSurrogateKey>
<indexColumnUsage>
<colUsage columnID="5D912B95-8194-0C7D-E945-D93E2D4B5AE2"/>
</indexColumnUsage>
</ind_PK_UK>
<ind_PK_UK id="97902B86-C22A-5597-34B9-F62B6133EE62" name="T_MARCA_T_USUARIO_FKv2">
<createdBy>Alex</createdBy>
<createdTime>2023-09-27 06:27:04 UTC</createdTime>
<generatorID>FC3AA585-6B11-F9CF-1537-52EDEA7B5B8C</generatorID>
<ownerDesignName>EasyCarros</ownerDesignName>
<indexState>Foreign Key</indexState>
<isSurrogateKey>false</isSurrogateKey>
<indexColumnUsage>
<colUsage columnID="C6588A71-916F-0642-F04D-5AB50FB6D567"/>
</indexColumnUsage>
</ind_PK_UK>
</indexes>
</Table>