<?xml version = '1.0' encoding = 'UTF-8'?>
<Entity class="oracle.dbtools.crest.model.design.logical.Entity" directorySegmentName="seg_0" id="58B13E65-9564-B142-69A9-604903BA744D" name="T_CARTAO">
<createdBy>alex</createdBy>
<createdTime>2023-05-18 00:18:59 UTC</createdTime>
<ownerDesignName>EasyCarros</ownerDesignName>
<engineerTo>
<item key="E1CCB2C7-1DE8-9080-A7CF-B8BB9806093C" value="true"/>
</engineerTo>
<adequatelyNormalized>NO</adequatelyNormalized>
<expectedVolumes>0</expectedVolumes>
<fwdEngineeringStrategyName>Single Table</fwdEngineeringStrategyName>
<growthPercent>0</growthPercent>
<growthType>Year</growthType>
<maxVolumes>9999999</maxVolumes>
<minVolumes>0</minVolumes>
<normalForm>Third</normalForm>
<attributes itemClass="oracle.dbtools.crest.model.design.logical.Attribute">
<Attribute name="cd_cartao" id="DCF5F726-13A2-D6A0-9017-E1854F8CE451">
<createdBy>alex</createdBy>
<createdTime>2023-05-18 00:19:12 UTC</createdTime>
<ownerDesignName>EasyCarros</ownerDesignName>
<engineerTo>
<item key="E1CCB2C7-1DE8-9080-A7CF-B8BB9806093C" value="true"/>
</engineerTo>
<useDomainConstraints>false</useDomainConstraints>
<use>1</use>
<logicalDatatype>LOGDT027</logicalDatatype>
<ownDataTypeParameters>,,</ownDataTypeParameters>
</Attribute>
<Attribute name="nm_bandeira" id="B76E7EAE-0B27-4E28-0D78-729E04CAA195">
<createdBy>alex</createdBy>
<createdTime>2023-05-18 00:19:23 UTC</createdTime>
<ownerDesignName>EasyCarros</ownerDesignName>
<engineerTo>
<item key="E1CCB2C7-1DE8-9080-A7CF-B8BB9806093C" value="true"/>
</engineerTo>
<useDomainConstraints>false</useDomainConstraints>
<use>1</use>
<logicalDatatype>LOGDT024</logicalDatatype>
<dataTypeSize>100 CHAR</dataTypeSize>
<ownDataTypeParameters>100 CHAR,,</ownDataTypeParameters>
</Attribute>
<Attribute name="cd_tipo_cartao" id="B8D9D8C6-38D7-B3B5-D6AA-87736F8B59A2">
<createdBy>alex</createdBy>
<createdTime>2023-05-18 00:31:06 UTC</createdTime>
<generatorID>78BFB8B3-BE11-97AF-ABD8-994581039E22</generatorID>
<ownerDesignName>EasyCarros</ownerDesignName>
<engineerTo>
<item key="E1CCB2C7-1DE8-9080-A7CF-B8BB9806093C" value="true"/>
</engineerTo>
<referedAttribute>23F8076C-76B1-C2F0-5AC9-75FCBB32F2E8</referedAttribute>
<useDomainConstraints>false</useDomainConstraints>
<use>1</use>
<logicalDatatype>LOGDT027</logicalDatatype>
<ownDataTypeParameters>,,</ownDataTypeParameters>
</Attribute>
</attributes>
<identifiers itemClass="oracle.dbtools.crest.model.design.logical.CandidateKey">
<identifier id="5A108783-1488-5B93-11E2-ABCEBF38CCC6" name="T_CARTAO PK">
<createdBy>alex</createdBy>
<createdTime>2023-05-18 00:19:23 UTC</createdTime>
<ownerDesignName>EasyCarros</ownerDesignName>
<engineerTo>
<item key="E1CCB2C7-1DE8-9080-A7CF-B8BB9806093C" value="true"/>
</engineerTo>
<pk>true</pk>
<usedAttributes>
<attributeRef>DCF5F726-13A2-D6A0-9017-E1854F8CE451</attributeRef>
</usedAttributes>
</identifier>
</identifiers>
</Entity>