<?xml version = '1.0' encoding = 'UTF-8'?>
<Entity class="oracle.dbtools.crest.model.design.logical.Entity" directorySegmentName="seg_0" id="63B9A5B6-8F9E-7956-9F39-5720403BD293" name="T_TIPO_CARTAO">
<createdBy>alex</createdBy>
<createdTime>2023-05-18 00:20:45 UTC</createdTime>
<ownerDesignName>EasyCarros</ownerDesignName>
<engineerTo>
<item key="E1CCB2C7-1DE8-9080-A7CF-B8BB9806093C" value="true"/>
</engineerTo>
<adequatelyNormalized>NO</adequatelyNormalized>
<expectedVolumes>0</expectedVolumes>
<fwdEngineeringStrategyName>Single Table</fwdEngineeringStrategyName>
<growthPercent>0</growthPercent>
<growthType>Year</growthType>
<maxVolumes>9999999</maxVolumes>
<minVolumes>0</minVolumes>
<normalForm>Third</normalForm>
<attributes itemClass="oracle.dbtools.crest.model.design.logical.Attribute">
<Attribute name="cd_tipo_cartao" id="23F8076C-76B1-C2F0-5AC9-75FCBB32F2E8">
<createdBy>alex</createdBy>
<createdTime>2023-05-18 00:20:52 UTC</createdTime>
<ownerDesignName>EasyCarros</ownerDesignName>
<engineerTo>
<item key="E1CCB2C7-1DE8-9080-A7CF-B8BB9806093C" value="true"/>
</engineerTo>
<useDomainConstraints>false</useDomainConstraints>
<use>1</use>
<logicalDatatype>LOGDT027</logicalDatatype>
<ownDataTypeParameters>,,</ownDataTypeParameters>
</Attribute>
<Attribute name="ds_tipo_cartao" id="FFFC1248-13AB-1331-9A7D-67B19212DE1A">
<createdBy>alex</createdBy>
<createdTime>2023-05-18 00:21:04 UTC</createdTime>
<ownerDesignName>EasyCarros</ownerDesignName>
<engineerTo>
<item key="E1CCB2C7-1DE8-9080-A7CF-B8BB9806093C" value="true"/>
</engineerTo>
<useDomainConstraints>false</useDomainConstraints>
<use>1</use>
<logicalDatatype>LOGDT024</logicalDatatype>
<dataTypeSize>100 CHAR</dataTypeSize>
<ownDataTypeParameters>100 CHAR,,</ownDataTypeParameters>
</Attribute>
</attributes>
<identifiers itemClass="oracle.dbtools.crest.model.design.logical.CandidateKey">
<identifier id="C5EB032A-B05C-1ED7-86DA-9A8B4CE92DF9" name="T_TIPO_CARTAO PK">
<createdBy>alex</createdBy>
<createdTime>2023-05-18 00:21:02 UTC</createdTime>
<ownerDesignName>EasyCarros</ownerDesignName>
<engineerTo>
<item key="E1CCB2C7-1DE8-9080-A7CF-B8BB9806093C" value="true"/>
</engineerTo>
<pk>true</pk>
<usedAttributes>
<attributeRef>23F8076C-76B1-C2F0-5AC9-75FCBB32F2E8</attributeRef>
</usedAttributes>
</identifier>
</identifiers>
</Entity>