<?xml version = '1.0' encoding = 'UTF-8'?>
<Entity class="oracle.dbtools.crest.model.design.logical.Entity" directorySegmentName="seg_0" id="643055E4-CBC0-1C8D-ED25-AE9A8FB0B327" name="T_TIPO_TELEFONE">
<createdBy>alex</createdBy>
<createdTime>2023-05-17 23:39:43 UTC</createdTime>
<ownerDesignName>EasyCarros</ownerDesignName>
<engineerTo>
<item key="E1CCB2C7-1DE8-9080-A7CF-B8BB9806093C" value="true"/>
</engineerTo>
<adequatelyNormalized>NO</adequatelyNormalized>
<expectedVolumes>0</expectedVolumes>
<fwdEngineeringStrategyName>Single Table</fwdEngineeringStrategyName>
<growthPercent>0</growthPercent>
<growthType>Year</growthType>
<maxVolumes>9999999</maxVolumes>
<minVolumes>0</minVolumes>
<normalForm>Third</normalForm>
<attributes itemClass="oracle.dbtools.crest.model.design.logical.Attribute">
<Attribute name="cd_tipo_telefone" id="E7EFE784-F009-FB1C-959D-5FB4E1A6B7CC">
<createdBy>alex</createdBy>
<createdTime>2023-05-17 23:39:52 UTC</createdTime>
<ownerDesignName>EasyCarros</ownerDesignName>
<engineerTo>
<item key="E1CCB2C7-1DE8-9080-A7CF-B8BB9806093C" value="true"/>
</engineerTo>
<useDomainConstraints>false</useDomainConstraints>
<use>1</use>
<logicalDatatype>LOGDT027</logicalDatatype>
<ownDataTypeParameters>,,</ownDataTypeParameters>
</Attribute>
<Attribute name="ds_tipo_telefone" id="6A04F52C-0A21-71B1-D989-4E6BCE513917">
<createdBy>alex</createdBy>
<createdTime>2023-05-17 23:40:01 UTC</createdTime>
<ownerDesignName>EasyCarros</ownerDesignName>
<engineerTo>
<item key="E1CCB2C7-1DE8-9080-A7CF-B8BB9806093C" value="true"/>
</engineerTo>
<useDomainConstraints>false</useDomainConstraints>
<use>1</use>
<logicalDatatype>LOGDT024</logicalDatatype>
<dataTypeSize>100 CHAR</dataTypeSize>
<ownDataTypeParameters>100 CHAR,,</ownDataTypeParameters>
</Attribute>
</attributes>
<identifiers itemClass="oracle.dbtools.crest.model.design.logical.CandidateKey">
<identifier id="EDFA1D68-7460-1F80-D4C7-4F776B509035" name="T_TIPO_TELEFONE PK">
<createdBy>alex</createdBy>
<createdTime>2023-05-17 23:40:19 UTC</createdTime>
<ownerDesignName>EasyCarros</ownerDesignName>
<shouldEngineer>false</shouldEngineer>
<engineerTo>
<item key="E1CCB2C7-1DE8-9080-A7CF-B8BB9806093C" value="false"/>
</engineerTo>
<pk>true</pk>
<usedAttributes>
<attributeRef>E7EFE784-F009-FB1C-959D-5FB4E1A6B7CC</attributeRef>
</usedAttributes>
</identifier>
</identifiers>
</Entity>