<?xml version = '1.0' encoding = 'UTF-8'?>
<Entity class="oracle.dbtools.crest.model.design.logical.Entity" directorySegmentName="seg_0" id="67228A61-8B40-9C22-5CB8-9E919768E078" name="T_LOCACAO">
<createdBy>alex</createdBy>
<createdTime>2023-05-18 00:06:44 UTC</createdTime>
<ownerDesignName>EasyCarros</ownerDesignName>
<engineerTo>
<item key="E1CCB2C7-1DE8-9080-A7CF-B8BB9806093C" value="true"/>
</engineerTo>
<adequatelyNormalized>NO</adequatelyNormalized>
<expectedVolumes>0</expectedVolumes>
<fwdEngineeringStrategyName>Single Table</fwdEngineeringStrategyName>
<growthPercent>0</growthPercent>
<growthType>Year</growthType>
<maxVolumes>9999999</maxVolumes>
<minVolumes>0</minVolumes>
<normalForm>Third</normalForm>
<attributes itemClass="oracle.dbtools.crest.model.design.logical.Attribute">
<Attribute name="cd_locacao" id="B38124B9-E57C-B61B-6F99-C5DCDB603C49">
<createdBy>alex</createdBy>
<createdTime>2023-05-18 00:06:55 UTC</createdTime>
<ownerDesignName>EasyCarros</ownerDesignName>
<engineerTo>
<item key="E1CCB2C7-1DE8-9080-A7CF-B8BB9806093C" value="true"/>
</engineerTo>
<useDomainConstraints>false</useDomainConstraints>
<use>1</use>
<logicalDatatype>LOGDT027</logicalDatatype>
<ownDataTypeParameters>,,</ownDataTypeParameters>
</Attribute>
<Attribute name="dt_data_hora_locacao" id="119F1AB9-8AB6-7E99-7436-6728953BABB0">
<createdBy>alex</createdBy>
<createdTime>2023-05-18 00:07:05 UTC</createdTime>
<ownerDesignName>EasyCarros</ownerDesignName>
<engineerTo>
<item key="E1CCB2C7-1DE8-9080-A7CF-B8BB9806093C" value="true"/>
</engineerTo>
<useDomainConstraints>false</useDomainConstraints>
<use>1</use>
<logicalDatatype>LOGDT008</logicalDatatype>
<ownDataTypeParameters>,,</ownDataTypeParameters>
</Attribute>
<Attribute name="dt_data_hora_devolucao" id="62D3BFFA-A939-B6B2-415F-0BE6B6E7CDD5">
<createdBy>alex</createdBy>
<createdTime>2023-05-18 00:11:32 UTC</createdTime>
<ownerDesignName>EasyCarros</ownerDesignName>
<engineerTo>
<item key="E1CCB2C7-1DE8-9080-A7CF-B8BB9806093C" value="true"/>
</engineerTo>
<useDomainConstraints>false</useDomainConstraints>
<use>1</use>
<logicalDatatype>LOGDT008</logicalDatatype>
<ownDataTypeParameters>,,</ownDataTypeParameters>
</Attribute>
<Attribute name="vl_locacao" id="66997F9F-AE0C-F03C-7F28-3F1F0ABB16F4">
<createdBy>alex</createdBy>
<createdTime>2023-05-18 00:11:48 UTC</createdTime>
<ownerDesignName>EasyCarros</ownerDesignName>
<engineerTo>
<item key="E1CCB2C7-1DE8-9080-A7CF-B8BB9806093C" value="true"/>
</engineerTo>
<useDomainConstraints>false</useDomainConstraints>
<use>1</use>
<logicalDatatype>LOGDT019</logicalDatatype>
<dataTypePrecision>10</dataTypePrecision>
<dataTypeScale>2</dataTypeScale>
<ownDataTypeParameters>,10,2</ownDataTypeParameters>
</Attribute>
<Attribute name="cd_tipo_locacao" id="63C64006-6CD5-F81D-8317-1D1D74E20AF3">
<createdBy>alex</createdBy>
<createdTime>2023-05-18 00:14:28 UTC</createdTime>
<generatorID>60D62A2D-661A-4BBE-63B8-9C0384B9A778</generatorID>
<ownerDesignName>EasyCarros</ownerDesignName>
<engineerTo>
<item key="E1CCB2C7-1DE8-9080-A7CF-B8BB9806093C" value="true"/>
</engineerTo>
<referedAttribute>A6F8BC18-D09F-FF96-46D9-B5A13D82700E</referedAttribute>
<useDomainConstraints>false</useDomainConstraints>
<use>1</use>
<logicalDatatype>LOGDT027</logicalDatatype>
<ownDataTypeParameters>,,</ownDataTypeParameters>
</Attribute>
<Attribute name="cd_forma_pagamento" id="3F8CBC28-A7E1-B024-4645-A1BC0D2FBF65">
<createdBy>alex</createdBy>
<createdTime>2023-05-18 00:18:25 UTC</createdTime>
<generatorID>08F80B1F-D78B-8E55-ACC8-00F9579B2464</generatorID>
<ownerDesignName>EasyCarros</ownerDesignName>
<engineerTo>
<item key="E1CCB2C7-1DE8-9080-A7CF-B8BB9806093C" value="true"/>
</engineerTo>
<referedAttribute>BE00AC38-22BE-AB03-A533-9B7DF72DE757</referedAttribute>
<useDomainConstraints>false</useDomainConstraints>
<use>1</use>
<logicalDatatype>LOGDT027</logicalDatatype>
<ownDataTypeParameters>,,</ownDataTypeParameters>
</Attribute>
<Attribute name="cd_cartao" id="81FC4E28-A1CD-B6CE-967B-3DA0471CCB95">
<createdBy>alex</createdBy>
<createdTime>2023-05-18 00:32:12 UTC</createdTime>
<generatorID>1F093CD1-B43B-C358-D782-874E91E9442E</generatorID>
<ownerDesignName>EasyCarros</ownerDesignName>
<engineerTo>
<item key="E1CCB2C7-1DE8-9080-A7CF-B8BB9806093C" value="true"/>
</engineerTo>
<nullsAllowed>true</nullsAllowed>
<referedAttribute>DCF5F726-13A2-D6A0-9017-E1854F8CE451</referedAttribute>
<useDomainConstraints>false</useDomainConstraints>
<use>1</use>
<logicalDatatype>LOGDT027</logicalDatatype>
<ownDataTypeParameters>,,</ownDataTypeParameters>
</Attribute>
<Attribute name="nr_cartao" id="4A7666C6-D752-66AC-F120-6D61C03241E1">
<createdBy>alex</createdBy>
<createdTime>2023-05-18 00:34:27 UTC</createdTime>
<ownerDesignName>EasyCarros</ownerDesignName>
<engineerTo>
<item key="E1CCB2C7-1DE8-9080-A7CF-B8BB9806093C" value="true"/>
</engineerTo>
<nullsAllowed>true</nullsAllowed>
<useDomainConstraints>false</useDomainConstraints>
<use>1</use>
<logicalDatatype>LOGDT025</logicalDatatype>
<dataTypeSize>16</dataTypeSize>
<ownDataTypeParameters>16,,</ownDataTypeParameters>
</Attribute>
<Attribute name="nr_codigo_seguranca_cartao" id="00CD358F-2D3D-A595-4EA3-F46351AF7128">
<createdBy>alex</createdBy>
<createdTime>2023-05-18 00:34:54 UTC</createdTime>
<ownerDesignName>EasyCarros</ownerDesignName>
<engineerTo>
<item key="E1CCB2C7-1DE8-9080-A7CF-B8BB9806093C" value="true"/>
</engineerTo>
<nullsAllowed>true</nullsAllowed>
<useDomainConstraints>false</useDomainConstraints>
<use>1</use>
<logicalDatatype>LOGDT025</logicalDatatype>
<dataTypeSize>3 CHAR</dataTypeSize>
<ownDataTypeParameters>3 CHAR,,</ownDataTypeParameters>
</Attribute>
<Attribute name="dt_data_vencimento_cartao" id="4F965E92-CE77-F490-F4D6-0620236E4DCB">
<createdBy>alex</createdBy>
<createdTime>2023-05-18 00:35:22 UTC</createdTime>
<ownerDesignName>EasyCarros</ownerDesignName>
<engineerTo>
<item key="E1CCB2C7-1DE8-9080-A7CF-B8BB9806093C" value="true"/>
</engineerTo>
<nullsAllowed>true</nullsAllowed>
<useDomainConstraints>false</useDomainConstraints>
<use>1</use>
<logicalDatatype>LOGDT007</logicalDatatype>
<ownDataTypeParameters>,,</ownDataTypeParameters>
</Attribute>
<Attribute name="nm_titular_cartao" id="94C4F9E7-99BF-0BB0-4BE9-F674FACCF525">
<createdBy>alex</createdBy>
<createdTime>2023-05-18 00:35:40 UTC</createdTime>
<ownerDesignName>EasyCarros</ownerDesignName>
<engineerTo>
<item key="E1CCB2C7-1DE8-9080-A7CF-B8BB9806093C" value="true"/>
</engineerTo>
<nullsAllowed>true</nullsAllowed>
<useDomainConstraints>false</useDomainConstraints>
<use>1</use>
<logicalDatatype>LOGDT024</logicalDatatype>
<dataTypeSize>100 CHAR</dataTypeSize>
<ownDataTypeParameters>100 CHAR,,</ownDataTypeParameters>
</Attribute>
<Attribute name="cpf_titular_cartao" id="B9495DCF-D680-55D7-BC0C-23F31EC96F81">
<createdBy>alex</createdBy>
<createdTime>2023-05-18 00:36:10 UTC</createdTime>
<ownerDesignName>EasyCarros</ownerDesignName>
<engineerTo>
<item key="E1CCB2C7-1DE8-9080-A7CF-B8BB9806093C" value="true"/>
</engineerTo>
<nullsAllowed>true</nullsAllowed>
<useDomainConstraints>false</useDomainConstraints>
<use>1</use>
<logicalDatatype>LOGDT025</logicalDatatype>
<dataTypeSize>11 CHAR</dataTypeSize>
<ownDataTypeParameters>11 CHAR,,</ownDataTypeParameters>
</Attribute>
<Attribute name="cd_modelo" id="AA3C97DD-B44B-0FBF-23E5-92C3630C5D23">
<createdBy>alex</createdBy>
<createdTime>2023-05-18 00:37:08 UTC</createdTime>
<generatorID>25A9CF6E-5BC0-F166-B4F5-DE3DEF408710</generatorID>
<ownerDesignName>EasyCarros</ownerDesignName>
<engineerTo>
<item key="E1CCB2C7-1DE8-9080-A7CF-B8BB9806093C" value="true"/>
</engineerTo>
<referedAttribute>35E83921-13B6-9A01-EA56-B922DD12CEEF</referedAttribute>
<useDomainConstraints>false</useDomainConstraints>
<use>1</use>
<logicalDatatype>LOGDT027</logicalDatatype>
<ownDataTypeParameters>,,</ownDataTypeParameters>
</Attribute>
<Attribute name="cd_pessoa" id="5D822523-8125-C9D6-249B-8F7B628DB05E">
<createdBy>alex</createdBy>
<createdTime>2023-05-18 00:37:42 UTC</createdTime>
<generatorID>19394D0C-8BB9-4629-621D-BB7D8B227F6F</generatorID>
<ownerDesignName>EasyCarros</ownerDesignName>
<engineerTo>
<item key="E1CCB2C7-1DE8-9080-A7CF-B8BB9806093C" value="true"/>
</engineerTo>
<referedAttribute>FB996CCB-811B-EE1B-521C-B41D0C54373D</referedAttribute>
<useDomainConstraints>false</useDomainConstraints>
<use>1</use>
<logicalDatatype>LOGDT027</logicalDatatype>
<ownDataTypeParameters>,,</ownDataTypeParameters>
</Attribute>
</attributes>
<identifiers itemClass="oracle.dbtools.crest.model.design.logical.CandidateKey">
<identifier id="7320A2F0-1683-5F03-14BE-71FF1D56A4F6" name="T_LOCACAO PK">
<createdBy>alex</createdBy>
<createdTime>2023-05-18 00:07:03 UTC</createdTime>
<ownerDesignName>EasyCarros</ownerDesignName>
<shouldEngineer>false</shouldEngineer>
<engineerTo>
<item key="E1CCB2C7-1DE8-9080-A7CF-B8BB9806093C" value="false"/>
</engineerTo>
<pk>true</pk>
<usedAttributes>
<attributeRef>B38124B9-E57C-B61B-6F99-C5DCDB603C49</attributeRef>
</usedAttributes>
</identifier>
</identifiers>
</Entity>