<?xml version = '1.0' encoding = 'UTF-8'?>
<Entity class="oracle.dbtools.crest.model.design.logical.Entity" directorySegmentName="seg_0" id="923DF97F-96CC-80A5-F25A-4B6A4AC7CDFE" name="T_MODELO">
<createdBy>alex</createdBy>
<createdTime>2023-05-17 23:54:09 UTC</createdTime>
<ownerDesignName>EasyCarros</ownerDesignName>
<engineerTo>
<item key="E1CCB2C7-1DE8-9080-A7CF-B8BB9806093C" value="true"/>
</engineerTo>
<adequatelyNormalized>NO</adequatelyNormalized>
<expectedVolumes>0</expectedVolumes>
<fwdEngineeringStrategyName>Single Table</fwdEngineeringStrategyName>
<growthPercent>0</growthPercent>
<growthType>Year</growthType>
<maxVolumes>9999999</maxVolumes>
<minVolumes>0</minVolumes>
<normalForm>Third</normalForm>
<attributes itemClass="oracle.dbtools.crest.model.design.logical.Attribute">
<Attribute name="cd_modelo" id="35E83921-13B6-9A01-EA56-B922DD12CEEF">
<createdBy>alex</createdBy>
<createdTime>2023-05-17 23:54:16 UTC</createdTime>
<ownerDesignName>EasyCarros</ownerDesignName>
<engineerTo>
<item key="E1CCB2C7-1DE8-9080-A7CF-B8BB9806093C" value="true"/>
</engineerTo>
<useDomainConstraints>false</useDomainConstraints>
<use>1</use>
<logicalDatatype>LOGDT027</logicalDatatype>
<ownDataTypeParameters>,,</ownDataTypeParameters>
</Attribute>
<Attribute name="nm_modelo" id="B5FB7D31-C8ED-7A12-44F7-43282C036711">
<createdBy>alex</createdBy>
<createdTime>2023-05-17 23:54:28 UTC</createdTime>
<ownerDesignName>EasyCarros</ownerDesignName>
<engineerTo>
<item key="E1CCB2C7-1DE8-9080-A7CF-B8BB9806093C" value="true"/>
</engineerTo>
<useDomainConstraints>false</useDomainConstraints>
<use>1</use>
<logicalDatatype>LOGDT024</logicalDatatype>
<dataTypeSize>150 CHAR</dataTypeSize>
<ownDataTypeParameters>150 CHAR,,</ownDataTypeParameters>
</Attribute>
<Attribute name="nm_cor" id="394CE1B2-CFB5-0D89-12BE-1683C11D92BB">
<createdBy>alex</createdBy>
<createdTime>2023-05-17 23:54:49 UTC</createdTime>
<ownerDesignName>EasyCarros</ownerDesignName>
<engineerTo>
<item key="E1CCB2C7-1DE8-9080-A7CF-B8BB9806093C" value="true"/>
</engineerTo>
<useDomainConstraints>false</useDomainConstraints>
<use>1</use>
<logicalDatatype>LOGDT024</logicalDatatype>
<dataTypeSize>50 CHAR</dataTypeSize>
<ownDataTypeParameters>50 CHAR,,</ownDataTypeParameters>
</Attribute>
<Attribute name="nr_quantidade_portas" id="02AA06FF-3701-1B38-A27A-DF7CDA308315">
<createdBy>alex</createdBy>
<createdTime>2023-05-17 23:55:05 UTC</createdTime>
<ownerDesignName>EasyCarros</ownerDesignName>
<engineerTo>
<item key="E1CCB2C7-1DE8-9080-A7CF-B8BB9806093C" value="true"/>
</engineerTo>
<useDomainConstraints>false</useDomainConstraints>
<use>1</use>
<logicalDatatype>LOGDT011</logicalDatatype>
<ownDataTypeParameters>,,</ownDataTypeParameters>
</Attribute>
<Attribute name="ds_placa" id="01D4CEEA-BF90-B226-A371-66EE102855DB">
<createdBy>alex</createdBy>
<createdTime>2023-05-17 23:55:26 UTC</createdTime>
<ownerDesignName>EasyCarros</ownerDesignName>
<engineerTo>
<item key="E1CCB2C7-1DE8-9080-A7CF-B8BB9806093C" value="true"/>
</engineerTo>
<useDomainConstraints>false</useDomainConstraints>
<use>1</use>
<logicalDatatype>LOGDT025</logicalDatatype>
<dataTypeSize>7 CHAR</dataTypeSize>
<ownDataTypeParameters>7 CHAR,,</ownDataTypeParameters>
</Attribute>
<Attribute name="ds_renavam" id="945A1CDB-41EA-9F2B-41FC-6A31FD698895">
<createdBy>alex</createdBy>
<createdTime>2023-05-17 23:56:12 UTC</createdTime>
<ownerDesignName>EasyCarros</ownerDesignName>
<engineerTo>
<item key="E1CCB2C7-1DE8-9080-A7CF-B8BB9806093C" value="true"/>
</engineerTo>
<useDomainConstraints>false</useDomainConstraints>
<use>1</use>
<logicalDatatype>LOGDT025</logicalDatatype>
<dataTypeSize>11</dataTypeSize>
<ownDataTypeParameters>11,,</ownDataTypeParameters>
</Attribute>
<Attribute name="ds_chassi" id="F1CAB813-0C9C-B505-BF35-3E1F7D634CFF">
<createdBy>alex</createdBy>
<createdTime>2023-05-18 00:01:53 UTC</createdTime>
<ownerDesignName>EasyCarros</ownerDesignName>
<engineerTo>
<item key="E1CCB2C7-1DE8-9080-A7CF-B8BB9806093C" value="true"/>
</engineerTo>
<useDomainConstraints>false</useDomainConstraints>
<use>1</use>
<logicalDatatype>LOGDT025</logicalDatatype>
<dataTypeSize>17 CHAR</dataTypeSize>
<ownDataTypeParameters>17 CHAR,,</ownDataTypeParameters>
</Attribute>
<Attribute name="nm_pais_origem" id="C002F282-6EB6-8174-ABED-EF5E07331145">
<createdBy>alex</createdBy>
<createdTime>2023-05-18 00:03:09 UTC</createdTime>
<ownerDesignName>EasyCarros</ownerDesignName>
<engineerTo>
<item key="E1CCB2C7-1DE8-9080-A7CF-B8BB9806093C" value="true"/>
</engineerTo>
<useDomainConstraints>false</useDomainConstraints>
<use>1</use>
<logicalDatatype>LOGDT024</logicalDatatype>
<dataTypeSize>100 CHAR</dataTypeSize>
<ownDataTypeParameters>100 CHAR,,</ownDataTypeParameters>
</Attribute>
<Attribute name="cd_marca" id="2019FFF9-85A9-641A-73FA-F853FA38677D">
<createdBy>alex</createdBy>
<createdTime>2023-05-18 00:03:58 UTC</createdTime>
<generatorID>3853430F-21B3-BFB7-413D-010342B9A306</generatorID>
<ownerDesignName>EasyCarros</ownerDesignName>
<engineerTo>
<item key="E1CCB2C7-1DE8-9080-A7CF-B8BB9806093C" value="true"/>
</engineerTo>
<referedAttribute>06A46799-3BF7-D58D-A4A9-925A91779BF8</referedAttribute>
<useDomainConstraints>false</useDomainConstraints>
<use>1</use>
<logicalDatatype>LOGDT027</logicalDatatype>
<ownDataTypeParameters>,,</ownDataTypeParameters>
</Attribute>
<Attribute name="cd_plataforma" id="D3BFEEC2-7CCD-3E8B-3BA8-DC0A746E5AAC">
<createdBy>alex</createdBy>
<createdTime>2023-05-18 00:05:44 UTC</createdTime>
<generatorID>21D58076-90AF-C69E-3F28-937F05AB03DE</generatorID>
<ownerDesignName>EasyCarros</ownerDesignName>
<engineerTo>
<item key="E1CCB2C7-1DE8-9080-A7CF-B8BB9806093C" value="true"/>
</engineerTo>
<referedAttribute>6BF8038B-42EC-244E-E5A2-28BF62555BE1</referedAttribute>
<useDomainConstraints>false</useDomainConstraints>
<use>1</use>
<logicalDatatype>LOGDT027</logicalDatatype>
<ownDataTypeParameters>,,</ownDataTypeParameters>
</Attribute>
</attributes>
<identifiers itemClass="oracle.dbtools.crest.model.design.logical.CandidateKey">
<identifier id="8C879ED2-46EA-968A-F453-0372396BB107" name="T_MODELO PK">
<createdBy>alex</createdBy>
<createdTime>2023-05-17 23:54:27 UTC</createdTime>
<ownerDesignName>EasyCarros</ownerDesignName>
<shouldEngineer>false</shouldEngineer>
<engineerTo>
<item key="E1CCB2C7-1DE8-9080-A7CF-B8BB9806093C" value="false"/>
</engineerTo>
<pk>true</pk>
<usedAttributes>
<attributeRef>35E83921-13B6-9A01-EA56-B922DD12CEEF</attributeRef>
</usedAttributes>
</identifier>
</identifiers>
</Entity>