<?xml version = '1.0' encoding = 'UTF-8'?>
<Entity class="oracle.dbtools.crest.model.design.logical.Entity" directorySegmentName="seg_0" id="E714326E-791B-B6E9-8210-245F0F0A111F" name="T_TIPO_LOGRADOURO">
<createdBy>alex</createdBy>
<createdTime>2023-05-17 23:45:24 UTC</createdTime>
<ownerDesignName>EasyCarros</ownerDesignName>
<engineerTo>
<item key="E1CCB2C7-1DE8-9080-A7CF-B8BB9806093C" value="true"/>
</engineerTo>
<adequatelyNormalized>NO</adequatelyNormalized>
<expectedVolumes>0</expectedVolumes>
<fwdEngineeringStrategyName>Single Table</fwdEngineeringStrategyName>
<growthPercent>0</growthPercent>
<growthType>Year</growthType>
<maxVolumes>9999999</maxVolumes>
<minVolumes>0</minVolumes>
<normalForm>Third</normalForm>
<attributes itemClass="oracle.dbtools.crest.model.design.logical.Attribute">
<Attribute name="cd_tipo_logradouro" id="FF9A57EE-74EF-53E8-9DE4-B45EA1BAAD2E">
<createdBy>alex</createdBy>
<createdTime>2023-05-17 23:45:35 UTC</createdTime>
<ownerDesignName>EasyCarros</ownerDesignName>
<engineerTo>
<item key="E1CCB2C7-1DE8-9080-A7CF-B8BB9806093C" value="true"/>
</engineerTo>
<useDomainConstraints>false</useDomainConstraints>
<use>1</use>
<logicalDatatype>LOGDT027</logicalDatatype>
<ownDataTypeParameters>,,</ownDataTypeParameters>
</Attribute>
<Attribute name="ds_tipo_logradouro" id="84FDA3C5-1D4D-E4B1-2BFC-C19A99BBA3AD">
<createdBy>alex</createdBy>
<createdTime>2023-05-17 23:45:44 UTC</createdTime>
<ownerDesignName>EasyCarros</ownerDesignName>
<engineerTo>
<item key="E1CCB2C7-1DE8-9080-A7CF-B8BB9806093C" value="true"/>
</engineerTo>
<useDomainConstraints>false</useDomainConstraints>
<use>1</use>
<logicalDatatype>LOGDT024</logicalDatatype>
<dataTypeSize>100 CHAR</dataTypeSize>
<ownDataTypeParameters>100 CHAR,,</ownDataTypeParameters>
</Attribute>
</attributes>
<identifiers itemClass="oracle.dbtools.crest.model.design.logical.CandidateKey">
<identifier id="F4B00455-95D1-C2A1-006A-93B21FE632B0" name="T_TIPO_LOGRADOURO PK">
<createdBy>alex</createdBy>
<createdTime>2023-05-17 23:50:13 UTC</createdTime>
<ownerDesignName>EasyCarros</ownerDesignName>
<shouldEngineer>false</shouldEngineer>
<engineerTo>
<item key="E1CCB2C7-1DE8-9080-A7CF-B8BB9806093C" value="false"/>
</engineerTo>
<pk>true</pk>
<usedAttributes>
<attributeRef>FF9A57EE-74EF-53E8-9DE4-B45EA1BAAD2E</attributeRef>
</usedAttributes>
</identifier>
</identifiers>
</Entity>