<?xml version = '1.0' encoding = 'UTF-8'?>
<Entity class="oracle.dbtools.crest.model.design.logical.Entity" directorySegmentName="seg_0" id="EFBD499B-6B63-8C63-7011-0792294A4C15" name="T_FORMA_PAGAMENTO">
<createdBy>alex</createdBy>
<createdTime>2023-05-18 00:14:56 UTC</createdTime>
<ownerDesignName>EasyCarros</ownerDesignName>
<engineerTo>
<item key="E1CCB2C7-1DE8-9080-A7CF-B8BB9806093C" value="true"/>
</engineerTo>
<adequatelyNormalized>NO</adequatelyNormalized>
<expectedVolumes>0</expectedVolumes>
<fwdEngineeringStrategyName>Single Table</fwdEngineeringStrategyName>
<growthPercent>0</growthPercent>
<growthType>Year</growthType>
<maxVolumes>9999999</maxVolumes>
<minVolumes>0</minVolumes>
<normalForm>Third</normalForm>
<attributes itemClass="oracle.dbtools.crest.model.design.logical.Attribute">
<Attribute name="cd_forma_pagamento" id="BE00AC38-22BE-AB03-A533-9B7DF72DE757">
<createdBy>alex</createdBy>
<createdTime>2023-05-18 00:15:07 UTC</createdTime>
<ownerDesignName>EasyCarros</ownerDesignName>
<engineerTo>
<item key="E1CCB2C7-1DE8-9080-A7CF-B8BB9806093C" value="true"/>
</engineerTo>
<useDomainConstraints>false</useDomainConstraints>
<use>1</use>
<logicalDatatype>LOGDT027</logicalDatatype>
<ownDataTypeParameters>,,</ownDataTypeParameters>
</Attribute>
<Attribute name="ds_forma_pagamento" id="7E441DB1-EA20-22DD-9E95-CB26DB53FE3C">
<createdBy>alex</createdBy>
<createdTime>2023-05-18 00:15:15 UTC</createdTime>
<ownerDesignName>EasyCarros</ownerDesignName>
<engineerTo>
<item key="E1CCB2C7-1DE8-9080-A7CF-B8BB9806093C" value="true"/>
</engineerTo>
<useDomainConstraints>false</useDomainConstraints>
<use>1</use>
<logicalDatatype>LOGDT024</logicalDatatype>
<dataTypeSize>100 CHAR</dataTypeSize>
<ownDataTypeParameters>100 CHAR,,</ownDataTypeParameters>
</Attribute>
</attributes>
<identifiers itemClass="oracle.dbtools.crest.model.design.logical.CandidateKey">
<identifier id="C71DCD5D-FDD2-B75D-77B9-FA48794C4F68" name="T_FORMA_PAGAMENTO PK">
<createdBy>alex</createdBy>
<createdTime>2023-05-18 00:15:14 UTC</createdTime>
<ownerDesignName>EasyCarros</ownerDesignName>
<shouldEngineer>false</shouldEngineer>
<engineerTo>
<item key="E1CCB2C7-1DE8-9080-A7CF-B8BB9806093C" value="false"/>
</engineerTo>
<pk>true</pk>
<usedAttributes>
<attributeRef>BE00AC38-22BE-AB03-A533-9B7DF72DE757</attributeRef>
</usedAttributes>
</identifier>
</identifiers>
</Entity>