<?xml version = '1.0' encoding = 'UTF-8'?>
<Relation class="oracle.dbtools.crest.model.design.logical.Relation" name="REL_T_LOCACAO_T_FORMA_PAGAMENTO" directorySegmentName="seg_0" id="08F80B1F-D78B-8E55-ACC8-00F9579B2464">
<createdBy>alex</createdBy>
<createdTime>2023-05-18 00:18:25 UTC</createdTime>
<ownerDesignName>EasyCarros</ownerDesignName>
<engineerTo>
<item key="E1CCB2C7-1DE8-9080-A7CF-B8BB9806093C" value="true"/>
</engineerTo>
<sourcePk>C71DCD5D-FDD2-B75D-77B9-FA48794C4F68</sourcePk>
<identifying>false</identifying>
<optionalSource>true</optionalSource>
<optionalTarget>false</optionalTarget>
<sourceCardinality>1</sourceCardinality>
<sourceEntity>EFBD499B-6B63-8C63-7011-0792294A4C15</sourceEntity>
<targetCardinalityString>*</targetCardinalityString>
<targetEntity>67228A61-8B40-9C22-5CB8-9E919768E078</targetEntity>
<transferable>true</transferable>
<deleteRule>NO ACTION</deleteRule>
</Relation>