<?xml version = '1.0' encoding = 'UTF-8'?>
<Relation class="oracle.dbtools.crest.model.design.logical.Relation" name="REL_T_LOCAL_T_CARTAO" directorySegmentName="seg_0" id="1F093CD1-B43B-C358-D782-874E91E9442E">
<createdBy>alex</createdBy>
<createdTime>2023-05-18 00:32:12 UTC</createdTime>
<ownerDesignName>EasyCarros</ownerDesignName>
<engineerTo>
<item key="E1CCB2C7-1DE8-9080-A7CF-B8BB9806093C" value="true"/>
</engineerTo>
<sourcePk>5A108783-1488-5B93-11E2-ABCEBF38CCC6</sourcePk>
<identifying>false</identifying>
<optionalSource>false</optionalSource>
<optionalTarget>true</optionalTarget>
<sourceCardinality>1</sourceCardinality>
<sourceEntity>58B13E65-9564-B142-69A9-604903BA744D</sourceEntity>
<targetCardinalityString>*</targetCardinalityString>
<targetEntity>67228A61-8B40-9C22-5CB8-9E919768E078</targetEntity>
<transferable>true</transferable>
<deleteRule>NO ACTION</deleteRule>
</Relation>