<?xml version = '1.0' encoding = 'UTF-8'?>
<Relation class="oracle.dbtools.crest.model.design.logical.Relation" name="REL_T_PLATAFORMA_T_MODELO" directorySegmentName="seg_0" id="21D58076-90AF-C69E-3F28-937F05AB03DE">
<createdBy>alex</createdBy>
<createdTime>2023-05-18 00:05:44 UTC</createdTime>
<ownerDesignName>EasyCarros</ownerDesignName>
<engineerTo>
<item key="E1CCB2C7-1DE8-9080-A7CF-B8BB9806093C" value="true"/>
</engineerTo>
<sourcePk>EA16245A-B72B-197D-27D5-1731FCA684EF</sourcePk>
<identifying>false</identifying>
<optionalSource>true</optionalSource>
<optionalTarget>false</optionalTarget>
<sourceCardinality>1</sourceCardinality>
<sourceEntity>6CA87BDF-6E85-6708-4981-27BA10C6098C</sourceEntity>
<targetCardinalityString>*</targetCardinalityString>
<targetEntity>923DF97F-96CC-80A5-F25A-4B6A4AC7CDFE</targetEntity>
<transferable>true</transferable>
<deleteRule>NO ACTION</deleteRule>
</Relation>