<?xml version = '1.0' encoding = 'UTF-8'?>
<Relation class="oracle.dbtools.crest.model.design.logical.Relation" name="REL_T_LOCACAO_T_MODELO" directorySegmentName="seg_0" id="25A9CF6E-5BC0-F166-B4F5-DE3DEF408710">
<createdBy>alex</createdBy>
<createdTime>2023-05-18 00:37:08 UTC</createdTime>
<ownerDesignName>EasyCarros</ownerDesignName>
<engineerTo>
<item key="E1CCB2C7-1DE8-9080-A7CF-B8BB9806093C" value="true"/>
</engineerTo>
<sourcePk>8C879ED2-46EA-968A-F453-0372396BB107</sourcePk>
<identifying>false</identifying>
<optionalSource>true</optionalSource>
<optionalTarget>false</optionalTarget>
<sourceCardinality>1</sourceCardinality>
<sourceEntity>923DF97F-96CC-80A5-F25A-4B6A4AC7CDFE</sourceEntity>
<targetCardinalityString>*</targetCardinalityString>
<targetEntity>67228A61-8B40-9C22-5CB8-9E919768E078</targetEntity>
<transferable>true</transferable>
<deleteRule>NO ACTION</deleteRule>
</Relation>