<?xml version = '1.0' encoding = 'UTF-8'?>
<Relation class="oracle.dbtools.crest.model.design.logical.Relation" name="REL_USUARIO_PESSOA" directorySegmentName="seg_0" id="5D576644-32B3-0EFA-4BEC-54F2D050872A">
<createdBy>alex</createdBy>
<createdTime>2023-05-17 23:14:12 UTC</createdTime>
<ownerDesignName>EasyCarros</ownerDesignName>
<engineerTo>
<item key="E1CCB2C7-1DE8-9080-A7CF-B8BB9806093C" value="true"/>
</engineerTo>
<sourcePk>C5822C0F-0795-EA2C-F53A-28401E86B720</sourcePk>
<targetPk>40B49056-9E78-B951-790A-0EF1F02C4926</targetPk>
<dominantRole>AC706527-2BBD-DE85-3C50-63359B67D0C5</dominantRole>
<identifying>false</identifying>
<optionalSource>false</optionalSource>
<optionalTarget>false</optionalTarget>
<sourceCardinality>1</sourceCardinality>
<sourceEntity>4B4E3CD5-C95D-185D-3858-8B2A302A8841</sourceEntity>
<targetCardinalityString>1</targetCardinalityString>
<targetEntity>AC706527-2BBD-DE85-3C50-63359B67D0C5</targetEntity>
<transferable>true</transferable>
<deleteRule>NO ACTION</deleteRule>
</Relation>