<?xml version = '1.0' encoding = 'UTF-8'?>
<Relation class="oracle.dbtools.crest.model.design.logical.Relation" name="REL_T_LOCACAO_T_TIPO_LOCACAO" directorySegmentName="seg_0" id="60D62A2D-661A-4BBE-63B8-9C0384B9A778">
<createdBy>alex</createdBy>
<createdTime>2023-05-18 00:14:28 UTC</createdTime>
<ownerDesignName>EasyCarros</ownerDesignName>
<engineerTo>
<item key="E1CCB2C7-1DE8-9080-A7CF-B8BB9806093C" value="true"/>
</engineerTo>
<sourcePk>B4B67D92-4CF1-442C-C944-BC0C3CFEFB49</sourcePk>
<identifying>false</identifying>
<optionalSource>true</optionalSource>
<optionalTarget>false</optionalTarget>
<sourceCardinality>1</sourceCardinality>
<sourceEntity>F71657D5-45E1-AF17-2908-27685342FC9A</sourceEntity>
<targetCardinalityString>*</targetCardinalityString>
<targetEntity>67228A61-8B40-9C22-5CB8-9E919768E078</targetEntity>
<transferable>true</transferable>
<deleteRule>NO ACTION</deleteRule>
</Relation>