<?xml version = '1.0' encoding = 'UTF-8'?>
<Relation class="oracle.dbtools.crest.model.design.logical.Relation" name="REL_T_CARTAO_T_TIPO_CARTAO" directorySegmentName="seg_0" id="78BFB8B3-BE11-97AF-ABD8-994581039E22">
<createdBy>alex</createdBy>
<createdTime>2023-05-18 00:31:06 UTC</createdTime>
<ownerDesignName>EasyCarros</ownerDesignName>
<engineerTo>
<item key="E1CCB2C7-1DE8-9080-A7CF-B8BB9806093C" value="true"/>
</engineerTo>
<sourcePk>C5EB032A-B05C-1ED7-86DA-9A8B4CE92DF9</sourcePk>
<identifying>false</identifying>
<optionalSource>true</optionalSource>
<optionalTarget>false</optionalTarget>
<sourceCardinality>1</sourceCardinality>
<sourceEntity>63B9A5B6-8F9E-7956-9F39-5720403BD293</sourceEntity>
<targetCardinalityString>*</targetCardinalityString>
<targetEntity>58B13E65-9564-B142-69A9-604903BA744D</targetEntity>
<transferable>true</transferable>
<deleteRule>NO ACTION</deleteRule>
</Relation>