<?xml version = '1.0' encoding = 'UTF-8'?>
<Relation class="oracle.dbtools.crest.model.design.logical.Relation" name="REL_T_TIPO_TELEFONE_T_TELEFONE" directorySegmentName="seg_0" id="8CF2E677-037A-12D7-BC25-0F955476A1E0">
<createdBy>alex</createdBy>
<createdTime>2023-05-17 23:40:46 UTC</createdTime>
<ownerDesignName>EasyCarros</ownerDesignName>
<engineerTo>
<item key="E1CCB2C7-1DE8-9080-A7CF-B8BB9806093C" value="true"/>
</engineerTo>
<sourcePk>EDFA1D68-7460-1F80-D4C7-4F776B509035</sourcePk>
<identifying>false</identifying>
<optionalSource>true</optionalSource>
<optionalTarget>false</optionalTarget>
<sourceCardinality>1</sourceCardinality>
<sourceEntity>643055E4-CBC0-1C8D-ED25-AE9A8FB0B327</sourceEntity>
<targetCardinalityString>*</targetCardinalityString>
<targetEntity>7AFE8F64-DF6A-977F-3577-A989F1015545</targetEntity>
<transferable>true</transferable>
<deleteRule>NO ACTION</deleteRule>
</Relation>